galaxy_name,distance_mpc,r_max_kpc,v_max_km_s,J_new,log10_J_new,k_optimal,log10_k_optimal,chi2_reduced,mean_error,mean_error_pct
CamB,3.36,1.79,20.1,5.398341e+61,61.73226031440739,1e-45,-45.0,9.473359418273786,0.5781291188924202,57.812911889242024
D512-2,15.2,3.83,35.9,5.677298e+62,62.754141690836114,6.813725540016134e-35,-34.166615363996364,3.1393703822003047,0.20844782648247273,20.844782648247275
D564-8,8.79,3.07,25.0,4.546862e+61,61.657711773306055,3.05984460984342e-34,-33.51430062802858,14.684311962469984,0.377403884655868,37.7403884655868
D631-7,7.72,7.19,57.3,1.060118e+63,63.025354208563506,5.091028626314979e-35,-34.2931944609639,73.10595062940789,0.5643319582293396,56.43319582293395
DDO064,6.8,2.98,46.9,9.573543e+62,62.98107269227949,3.4964130124289977e-35,-34.456377272140465,4.60517122332247,0.4277615029504367,42.77615029504367
DDO154,4.04,5.92,45.5,8.058488e+62,62.906253563535095,1.4291334560565925e-34,-33.84492721381037,197.11815148956984,0.4969734431854737,49.69734431854737
DDO161,7.5,13.37,66.1,2.18696e+64,64.33984083976459,1.8529532696927997e-35,-34.732135533174606,156.46438639417667,0.8586572455647823,85.86572455647823
DDO168,4.25,4.12,52.0,1.977757e+63,63.29617293031369,3.5978350929214345e-35,-34.44395874645893,64.70761761994251,0.4229741776965561,42.29741776965561
DDO170,15.4,12.33,62.2,1.746694e+64,64.24221682842224,2.6061297333606594e-35,-34.58400396886892,119.19423565708365,0.3746657536719723,37.46657536719723
ESO079-G014,28.7,16.67,178.0,3.232172e+66,66.50949446369391,3.3203407648060506e-37,-36.47881734259703,89.80012077348793,0.5812197208018224,58.12197208018224
ESO116-G012,13.0,9.86,112.0,6.129155e+64,64.78740060434991,5.7608846862861755e-36,-35.239510817814754,145.4772988436843,0.4718974176862788,47.18974176862788
ESO444-G084,4.83,4.44,62.7,6.009088e+62,62.7788085640789,2.65354680925743e-34,-33.57617324689915,97.21749483448,0.4820369376401306,48.20369376401306
ESO563-G021,60.8,42.41,312.0,4.318052e+67,67.6352878680068,1e-45,-45.0,60.17535073743615,0.31473860665879305,31.473860665879304
F561-1,66.4,9.66,50.4,1.54506e+65,65.1889453492385,1e-45,-45.0,0.6212328150303139,0.09938481635065462,9.938481635065461
F563-1,48.9,20.1,106.0,1.4313e+65,65.15573067127859,2.9288648581181435e-36,-35.53330066680512,20.023623817825992,0.5622991898996966,56.22991898996966
F563-V1,54.0,7.87,27.3,9.805673e+63,63.9914774062808,1.1263829978098417e-37,-36.948313913611315,0.14224458963957246,0.06271510528557671,6.271510528557671
F563-V2,59.7,10.47,118.0,1.357328e+65,65.13268480814406,9.092752342244323e-37,-36.041304637556884,13.697990865213304,0.6514431486028776,65.14431486028775
F565-V2,51.8,8.8,83.1,1.470806e+64,64.16755539285958,3.702477195732892e-35,-34.43150760770152,14.933369836221184,0.6963555722082975,69.63555722082975
F567-2,79.0,9.59,52.2,4.357447e+64,64.63923211345328,2.610665897842421e-36,-35.58324870382148,1.5226348245996522,0.21463774749563366,21.463774749563367
F568-1,90.7,13.23,142.0,2.755108e+65,65.44013862782836,1.4015526994559329e-36,-35.85339056779123,22.850882684898696,0.7233928295830573,72.33928295830573
F568-3,82.4,17.98,120.0,3.186613e+65,65.50332932353966,1.5287439373789285e-37,-36.81566525225695,13.766651937504811,0.4139096172273975,41.390961722739746
F568-V1,80.6,17.63,118.0,1.453949e+65,65.16254917309315,7.917557699350756e-36,-35.10140876301531,6.999811651030672,0.8098627581817003,80.98627581817003
F571-8,53.3,15.55,144.0,1.165149e+65,65.06638146676981,1e-45,-45.0,123.13512142063595,0.6130934981988841,61.30934981988842
F571-V1,80.1,13.59,83.9,6.166027e+64,64.79000542209748,1.2723768983727274e-35,-34.89538422466396,12.729015291252447,0.47073094632335666,47.07309463233567
F574-1,96.8,12.6,99.7,1.330414e+65,65.1239868063338,2.1101122015253033e-36,-35.67569445123892,49.89428678495585,0.5558883219964245,55.58883219964245
F574-2,89.1,10.83,40.0,7.78563e+64,64.89129376070035,1e-45,-45.0,0.6713976305274485,0.32697100016010217,32.69710001601022
F579-V1,89.5,15.16,114.0,3.212038e+65,65.5067806745558,1.5007646358858288e-36,-35.823687412587475,6.968853752217301,0.2964453698067556,29.64453698067556
F583-1,35.4,16.26,85.8,8.692752e+64,64.93915728959091,1.954442428205044e-36,-35.70897711800795,21.874651470957144,0.8348535378404651,83.48535378404651
F583-4,53.3,7.29,69.9,1.320072e+64,64.12059761934974,6.667274352387318e-36,-35.17605167367653,13.134860739955398,0.4360101877496256,43.601018774962554
IC2574,3.91,10.23,67.5,2.091093e+64,64.32037334821158,2.8771105111305655e-36,-35.54104345633962,82.40612541452842,0.39442857184196023,39.44285718419602
IC4202,100.4,25.9,247.0,1.733242e+67,67.23885920433374,1e-45,-45.0,57.8273117690685,0.21560633945012608,21.560633945012608
KK98-251,6.8,3.13,34.2,4.112813e+62,62.61413896360245,2.2954443911056727e-35,-34.63913322388619,11.144819431727335,0.37093384659803397,37.0933846598034
NGC0024,7.3,11.27,110.0,3.13058e+64,64.49562480638487,1.2874206103455843e-35,-34.89027954252124,37.06258867319069,0.40493494518925816,40.493494518925814
NGC0055,2.11,13.5,86.5,1.385052e+65,65.14146607873558,9.378188690784718e-37,-36.02788103342888,41.05575393203238,0.2682132143489468,26.821321434894678
NGC0100,13.5,9.62,91.2,2.932461e+64,64.46723224496577,2.6278418187337662e-36,-35.58040078040549,20.563674657011212,0.5012601656900719,50.12601656900719
NGC0247,3.7,14.54,107.0,1.992759e+65,65.29945477923292,8.215622952059468e-37,-36.08535950047182,68.10922590322053,0.28268986766052584,28.268986766052585
NGC0289,20.8,71.12,165.0,5.504732e+66,66.74073618002814,1.328368770706301e-36,-35.8766813430024,43.62033545982188,0.3506173046982046,35.06173046982046
NGC0300,2.08,11.8,93.5,3.240149e+64,64.51056498193189,1.1945231993166883e-35,-34.922805411223955,67.24748015282265,0.3440945381463775,34.40945381463775
NGC0801,80.7,59.82,216.0,6.655067e+67,67.82315243209977,1e-45,-45.0,52.81847767067092,0.1780141502166243,17.801415021662432
NGC0891,9.91,17.11,208.0,7.093857e+66,66.85088242959168,1e-45,-45.0,205.69218920038224,0.2360335996286652,23.60335996286652
NGC1003,11.4,30.24,115.0,2.47143e+65,65.39294831415174,9.327249780862248e-36,-35.03024639280961,195.947979582363,0.42021650791096327,42.02165079109633
NGC1090,37.0,30.09,160.0,4.84383e+66,66.68518889265485,5.915078626805635e-38,-37.22803947809254,94.00416212227128,0.2904386984764211,29.043869847642114
NGC1705,5.73,6.0,71.5,1.823347e+63,63.26086932682529,2.1883748406763526e-34,-33.6598782868658,6.936408267445198,0.22972441386081285,22.972441386081286
NGC2366,3.27,6.06,49.4,3.30492e+63,63.51916095127127,1.3577634643302602e-35,-34.867175881810724,50.06500230616296,0.5433976424808503,54.33976424808503
NGC2403,3.16,20.87,134.0,2.100832e+65,65.32239132399559,4.620257354996846e-37,-36.335333832941245,446.066409934282,0.2515037126122048,25.150371261220478
NGC2683,9.81,34.62,151.0,6.470437e+66,66.81093361301484,1e-45,-45.0,12.435011311195412,0.16949354881436715,16.949354881436715
NGC2841,14.1,63.64,294.0,1.711831e+67,67.23346088686549,1.291959769133426e-36,-35.88875100980486,226.50594919494952,0.27749639057853526,27.749639057853525
NGC2903,6.6,24.96,180.0,2.029176e+66,66.30731971707469,1e-45,-45.0,225.30443901369944,0.3988483551188444,39.88483551188444
NGC2915,4.06,10.04,86.5,4.700836e+63,63.67217510004223,1.7923279474437988e-34,-33.746582523281944,15.412222043664944,0.6800757689350884,68.00757689350884
NGC2955,97.9,35.43,227.0,3.4025e+67,67.53179813387537,1e-45,-45.0,57.75575952486758,0.14373065377967106,14.373065377967107
NGC2976,3.58,2.27,85.3,1.216545e+64,64.085128178117,1e-45,-45.0,1.04705088545754,0.11558526427793489,11.558526427793488
NGC2998,68.1,42.28,203.0,2.234057e+67,67.3490942495628,2.727778592422915e-37,-36.56419088327922,100.94174428372278,0.5428727488459023,54.28727488459023
NGC3109,1.33,6.45,67.3,2.083339e+63,63.3187599439038,1.5990787209746163e-35,-34.79613015586393,101.77132532735746,0.5728069943851967,57.28069943851967
NGC3198,13.8,44.08,149.0,1.887833e+66,66.27596357344387,5.660940215245819e-37,-36.247111431641805,258.76079973949123,0.51498363708137,51.498363708137
NGC3521,7.7,17.74,206.0,2.502308e+66,66.39834076437735,1e-45,-45.0,29.40574058757768,0.2458209230305184,24.582092303051837
NGC3726,18.0,32.52,167.0,3.931762e+66,66.59458722095688,1e-45,-45.0,21.443887437717574,0.20607192242348596,20.607192242348596
NGC3741,3.21,7.0,51.6,5.056324e+62,62.703834894962576,1.738015386707493e-34,-33.75994638304697,52.0124024502825,0.46658489018717425,46.658489018717425
NGC3769,18.0,37.16,113.0,4.59185e+65,65.66198769270954,9.852961041160993e-37,-36.00643323441744,20.875524979764414,0.30592205218773116,30.592205218773117
NGC3877,18.0,11.35,169.0,5.17013e+66,66.7135014633208,1e-45,-45.0,21.401060447761274,0.2628199695484617,26.28199695484617
NGC3893,18.0,19.05,167.0,3.801592e+66,66.57996550504475,1e-45,-45.0,16.73618555864548,0.17361173266677848,17.36117326667785
NGC3917,18.0,14.86,137.0,9.015542e+65,65.95499184093457,1.53356624227191e-37,-36.81429745996071,35.27576576592718,0.2550040845159932,25.50040845159932
NGC3949,18.0,7.07,169.0,1.42293e+66,66.15318353581057,1e-45,-45.0,28.087672366813102,0.19131223336269446,19.131223336269446
NGC3953,18.0,15.68,215.0,1.584885e+67,67.1999977550854,1e-45,-45.0,8.634116509620066,0.08186018179771314,8.186018179771313
NGC3972,18.0,8.72,134.0,4.09904e+65,65.61268215634882,3.780179096876619e-37,-36.422487623722915,16.306878469661363,0.18682130891306278,18.68213089130628
NGC3992,23.7,46.02,237.0,4.075555e+67,67.61018675835821,3.0470667229573035e-37,-36.51611803573633,26.830885846530116,0.12157697505524613,12.157697505524613
NGC4010,18.0,10.47,122.0,3.994208e+65,65.6014306771847,1.2438513633239123e-37,-36.90523151349164,12.671251672854808,0.1617844620349401,16.17844620349401
NGC4013,18.0,31.01,170.0,4.325481e+66,66.63603440868653,2.5545466037174254e-37,-36.59268616988417,57.61448612851549,0.17848971571355243,17.848971571355243
NGC4051,18.0,12.19,153.0,4.198384e+66,66.62308215827072,1e-45,-45.0,14.957920566228491,0.1964871325505872,19.64871325505872
NGC4068,4.37,2.33,41.9,1.337719e+63,63.12636489552001,4.038463268495795e-36,-35.39378386285375,4.168036051389743,0.4043081514341867,40.43081514341867
NGC4085,18.0,6.2,136.0,6.163729e+65,65.78984353588807,1e-45,-45.0,31.311175301883416,0.38848772432436907,38.84877243243691
NGC4088,18.0,21.48,174.0,1.308757e+67,67.1168590175547,1e-45,-45.0,51.5838970063725,0.28450064213145543,28.45006421314554
NGC4100,18.0,22.76,159.0,2.237053e+66,66.34967627347297,7.2834521243777484e-37,-36.137662730135276,15.120908130815195,0.14406837320073504,14.406837320073503
NGC4138,18.0,18.58,150.0,1.188706e+66,66.07507445481541,1.01434382491906e-37,-36.993814810333014,4.127179344501266,0.16820677742413206,16.820677742413206
NGC4157,18.0,29.61,185.0,5.5557e+66,66.74473878640643,1e-45,-45.0,21.215507850778064,0.20689145829411892,20.689145829411892
NGC4183,18.0,21.02,113.0,3.636252e+65,65.56065397312447,2.2065000051384993e-36,-35.6562960672054,20.29534710600034,0.2679835697743892,26.79835697743892
NGC4214,2.87,5.63,80.6,3.262614e+63,63.513565695428625,9.252196611789513e-35,-34.033755146923035,8.660193044741963,0.2488066861651983,24.88066861651983
NGC4217,18.0,16.72,178.0,3.938952e+66,66.59538068853645,1e-45,-45.0,83.96287294925665,0.3932671361520976,39.326713615209755
NGC4389,18.0,5.32,110.0,5.413045e+65,65.73344163750497,1e-45,-45.0,79.8691147522644,0.9893533792593135,98.93533792593135
NGC4559,9.0,20.97,119.0,7.804077e+65,65.8923215457699,5.1420048204903555e-37,-36.288867520553644,22.531417534478198,0.2430427428327196,24.30427428327196
NGC5005,16.9,11.47,265.0,9.00931e+66,66.9546915307496,1e-45,-45.0,13.967581130523307,0.21456874040714713,21.456874040714712
NGC5033,15.7,44.59,196.0,5.106962e+66,66.70816262635923,1.7802397086848644e-36,-35.74952151614617,173.7161430942106,0.3077976246622411,30.77976246622411
NGC5055,9.9,54.59,172.0,9.981265e+66,66.99918558614753,1e-45,-45.0,1591.9702534486728,0.28762060832092196,28.762060832092196
NGC5371,39.7,46.24,213.0,8.164306e+67,67.91191927380261,1e-45,-45.0,126.97603463577798,0.13887501378759695,13.887501378759696
NGC5585,7.06,10.96,89.4,5.238037e+64,64.71916856183245,1e-45,-45.0,174.130414102233,0.2603310767153822,26.033107671538218
NGC5907,17.3,50.33,214.0,1.693895e+67,67.22888648608092,5.233146345718054e-37,-36.28123711998055,128.74009771158413,0.14874844541109924,14.874844541109924
NGC5985,39.7,34.72,285.0,2.574638e+67,67.41071617487069,5.503354538590549e-37,-36.259372508051335,70.9566039646895,0.12337988560234323,12.337988560234322
NGC6015,17.0,29.23,152.0,1.019964e+66,66.00858484345088,2.0620047994201165e-37,-36.685710328209026,99.93566805283481,0.23094599423001821,23.09459942300182
NGC6195,127.8,36.43,246.0,4.592695e+67,67.66206760496175,1e-45,-45.0,58.889461424353456,0.17132901006104634,17.132901006104635
NGC6503,6.26,23.5,115.0,2.167791e+65,65.3360174088986,1.002748170722879e-35,-34.998808121613266,308.9985114306866,0.30529851305860733,30.529851305860735
NGC6674,51.2,72.41,242.0,3.356157e+67,67.52584226879516,1.1116720455730837e-36,-35.95402331509643,201.90314182142077,0.30746627994430314,30.746627994430316
NGC6789,3.52,0.71,60.4,4.656418e+61,61.668051959387775,1.1110445977161357e-33,-32.954268507977865,4.51104082037911,0.34321707920415595,34.3217079204156
NGC6946,5.52,20.4,154.0,2.717306e+66,66.43413854774012,1e-45,-45.0,86.244086663432,0.14880048491376327,14.880048491376327
NGC7331,14.7,36.31,238.0,1.837628e+67,67.2642575995971,1e-45,-45.0,162.12055593765785,0.23007080986830847,23.007080986830847
NGC7793,3.61,7.87,90.8,8.020696e+64,64.9042120560453,1e-45,-45.0,2.541142316771575,0.16789043672886822,16.789043672886823
NGC7814,14.4,19.53,214.0,2.334107e+66,66.36812076106857,2.0269656699210082e-36,-35.693153606753526,80.40301498016457,0.2191639326874947,21.91639326874947
PGC51017,13.6,3.63,18.3,5.100108e+62,62.70757937282488,1e-45,-45.0,3.2444821177053442,0.20330471110663387,20.330471110663385
UGC00128,64.5,53.75,125.0,1.249631e+66,66.0967817903504,5.3107165038285464e-36,-35.27484688142949,507.59751000359427,0.6807219366111542,68.07219366111542
UGC00191,17.1,9.98,83.85,3.889408e+64,64.5898835031512,3.756928692150655e-36,-35.425167047922876,270.56761449450454,0.32599232371995,32.599232371995
UGC00634,30.9,18.01,107.5,1.660802e+65,65.22031785916236,1.8353082449750617e-35,-34.736290984355065,145.81503626256858,0.3702719795367964,37.02719795367964
UGC00731,12.5,10.91,73.9,2.827614e+64,64.45142012326076,1.083290738340643e-35,-34.965254969864446,69.568875273582,0.3608888897575018,36.08888897575018
UGC00891,10.2,7.39,63.75,7.44106e+63,63.8716348064276,5.082331562495947e-35,-34.2939370057427,160.88349744348938,0.5571907991047171,55.71907991047171
UGC01230,53.7,36.54,103.0,7.152372e+65,65.85445009434292,4.560021878903207e-37,-36.34103307359343,13.36842115509384,0.585282726486515,58.5282726486515
UGC01281,5.27,4.99,56.9,2.322637e+63,63.36598134014221,1.443158382178264e-35,-34.84068600381193,14.257603414369566,1.027498446216996,102.74984462169961
UGC02023,10.4,3.78,58.8,8.203043e+63,63.913974988110006,1.9492600308634465e-37,-36.71013022222852,1.0346318648879842,0.16621573673066986,16.621573673066987
UGC02259,10.5,8.14,90.0,2.348775e+64,64.37084141569689,2.99563309884643e-35,-34.52351137952533,62.96729805785317,0.24622340737800677,24.622340737800677
UGC02455,6.92,4.03,61.0,2.717821e+64,64.43422085001524,1e-45,-45.0,94.4638848711791,1.079078406183526,107.9078406183526
UGC02487,69.1,80.38,333.0,1.090002e+68,68.0374272948105,8.507526748829745e-37,-36.07019667674865,187.80141817635842,0.2333092458544812,23.33092458544812
UGC02885,80.6,74.07,298.0,9.742876e+67,67.98868717521137,2.7083311561681866e-38,-37.56729823418796,46.06419140937645,0.20579252530284578,20.579252530284577
UGC02916,65.4,38.0,181.0,9.371544e+66,66.97181114856537,1e-45,-45.0,236.19815377776496,0.15630345515982194,15.630345515982194
UGC02953,16.5,62.39,272.0,1.958168e+67,67.29184994913363,4.2216690234407556e-38,-37.37451581814532,446.0750351584201,0.22404826205810147,22.404826205810146
UGC03205,50.0,40.04,220.0,6.478974e+66,66.81150623713329,7.171488032613737e-37,-36.14439072197476,111.57122768488146,0.26575730397082103,26.575730397082104
UGC03546,28.7,29.23,193.0,4.897174e+66,66.68994553507751,2.8221428912046623e-37,-36.54942100075508,60.874515704308,0.32704538939699823,32.70453893969982
UGC03580,20.7,27.06,124.0,3.46428e+65,65.53961298656141,1e-45,-45.0,312.3796230711853,0.41130971039736614,41.130971039736615
UGC04278,9.51,6.69,92.8,3.569468e+64,64.55260349289618,3.230476507319871e-36,-35.49073341288985,23.322792970890617,0.6042919728876939,60.42919728876939
UGC04305,3.45,5.52,33.0,7.318489e+63,63.86442142440537,1e-45,-45.0,2.340683667928249,0.18935556568660683,18.935556568660683
UGC04325,9.6,5.59,91.5,2.985135e+64,64.47496397648023,1.244261789288302e-35,-34.90508823565639,43.55529018883271,0.2638857617036291,26.38857617036291
UGC04483,3.34,1.21,24.2,2.092234e+61,61.320610255350864,7.248689451990728e-34,-33.13974050587279,4.511617109272099,0.31113568399506186,31.113568399506185
UGC04499,12.5,8.18,74.3,2.704432e+64,64.43207606605317,8.388119755571016e-36,-35.07633537782372,34.53771928899591,0.3409926102955399,34.09926102955399
UGC05005,53.7,28.61,99.1,5.390003e+65,65.73158900690902,7.045587798619123e-38,-37.15208276876501,10.571532904103966,0.39309802524038645,39.309802524038645
UGC05253,22.9,53.29,218.0,1.165379e+67,67.06646718788637,1e-45,-45.0,167.13397047896444,0.1705998452548942,17.05998452548942
UGC05414,9.4,4.11,61.4,6.369559e+63,63.80410936475348,6.714731667121037e-36,-35.17297133784517,19.196349919937973,0.24171773883402292,24.17177388340229
UGC05716,21.3,12.37,74.7,2.472321e+64,64.3931048577914,2.5523512712808166e-35,-34.59305955538951,230.92062056186816,0.36436214968667296,36.436214968667294
UGC05721,6.18,6.74,79.5,3.624865e+63,63.559291836880305,8.959391819689876e-35,-34.047721470060786,25.173020655093914,0.4064638193211954,40.64638193211954
UGC05750,58.7,22.85,78.9,1.779251e+65,65.2502372185874,3.1281709016364436e-38,-37.50470952811534,7.77672317541965,0.5049239171642658,50.492391716426575
UGC05764,7.47,3.62,49.9,6.877527e+62,62.83743230403126,2.458014765557062e-34,-33.60941551258842,79.75173926191903,0.3260493485293475,32.604934852934754
UGC05829,8.64,6.91,68.6,1.387596e+64,64.14226303923832,7.047044255691679e-36,-35.15199300110918,9.692054621705834,0.3805900938242365,38.059009382423646
UGC05918,7.66,4.46,44.5,1.392051e+63,63.143655146634345,5.24488522697501e-35,-34.28026401096648,7.074630549890733,0.31065901701368365,31.065901701368364
UGC05986,8.63,9.41,107.0,4.990058e+64,64.69810559350587,7.241742580068545e-36,-35.140156916973126,129.8307289729602,0.38878599241913775,38.878599241913776
UGC05999,47.7,16.22,100.0,3.519184e+65,65.54644197444973,2.2351237124788428e-36,-35.65069843398172,32.61435797412636,0.3652391129002761,36.52391129002761
UGC06399,18.0,7.85,87.6,2.878335e+64,64.45914133865709,1.1690282404558265e-35,-34.93217499737025,20.04306159401161,0.43066764913574407,43.06676491357441
UGC06446,12.0,10.22,80.1,2.77486e+64,64.44324107655375,1.7961591418977254e-35,-34.74565518694148,21.297457800727464,0.3478935487740793,34.78935487740793
UGC06614,88.7,64.59,204.0,1.249251e+67,67.09664970575865,1e-45,-45.0,16.10573694298895,0.22241538889925094,22.241538889925096
UGC06628,15.1,7.69,42.3,5.508687e+64,64.74104809674533,1e-45,-45.0,0.9529017689672028,0.16092479133070192,16.092479133070192
UGC06667,18.0,7.85,85.7,1.063178e+64,64.02660598131179,4.154768070275495e-35,-34.38145321462617,69.69878958437349,0.505921314225422,50.592131422542195
UGC06786,29.3,34.05,211.0,2.626968e+66,66.41945478252795,1.902700383925639e-36,-35.72062959418923,404.52221773317126,0.31746587298046025,31.746587298046023
UGC06787,21.3,37.19,255.0,3.712815e+66,66.56970330999083,1.0927024477932562e-36,-35.961498084047044,430.6993699603257,0.31542334153471135,31.542334153471135
UGC06818,18.0,6.98,74.4,1.365199e+64,64.13519596148863,2.3511475215976297e-36,-35.62872012042597,12.950680953380695,0.34774081731428264,34.77408173142826
UGC06917,18.0,10.47,111.0,1.646672e+65,65.21660710082351,3.0635677680002285e-36,-35.51377250836515,29.773446019778785,0.22265425424520532,22.265425424520533
UGC06923,18.0,5.16,81.1,2.567347e+64,64.40948457143752,5.189612286957409e-36,-35.28486508683837,7.069940747418847,0.24775759323102173,24.77575932310217
UGC06930,18.0,16.61,108.0,4.280086e+65,65.63145249540341,2.0537787998064144e-36,-35.687446333473225,12.689753241973262,0.25089319566402246,25.089319566402246
UGC06973,18.0,7.85,180.0,1.97034e+66,66.29454117407178,1e-45,-45.0,390.5657917040523,0.3814720227134779,38.147202271347794
UGC06983,18.0,15.68,109.0,1.568942e+65,65.1956068890646,7.514211278721756e-36,-35.12411659794804,22.081902816293518,0.2655439314127264,26.55439314127264
UGC07089,18.0,9.16,79.1,6.148135e+64,64.78874339511778,5.492545939314612e-37,-36.26022630198007,5.788857781263348,0.1953120174638896,19.53120174638896
UGC07125,19.8,18.68,64.9,1.268012e+65,65.10312336356868,1.4966431957911968e-36,-35.82488172441899,24.866305874927985,0.2557789621838322,25.577896218383223
UGC07151,6.87,5.5,76.2,2.295342e+64,64.36084740344499,3.566042330065126e-36,-35.447813505915406,24.05213281482153,0.22681003012023362,22.681003012023364
UGC07232,2.83,0.82,44.0,1.154848e+62,62.062524826561216,1.7195608982655298e-34,-33.76458243902641,4.769874591096658,0.23113860914190149,23.11386091419015
UGC07261,13.1,6.67,76.1,1.592197e+64,64.20199680129102,1.4003347540879834e-35,-34.853768132554016,6.0074685775582,0.1826963237292421,18.26963237292421
UGC07323,8.0,5.82,85.6,5.522649e+64,64.74214744188252,4.77869986281354e-37,-36.32069024548197,6.4652785112314906,0.13537291616204855,13.537291616204856
UGC07399,8.43,6.13,106.0,9.481595e+63,63.97688140078028,5.328216069485842e-35,-34.2734181719979,74.66377598595949,0.32855532188122183,32.85553218812218
UGC07524,4.74,10.69,79.0,7.042742e+64,64.84774177897467,2.4011140816098466e-36,-35.61958720527549,43.23678649969634,0.40562843385527036,40.56284338552704
UGC07559,4.97,2.53,32.1,3.98339e+62,62.60025282876841,2.6671561072141533e-35,-34.57395156454349,3.2508130453662742,0.27075811627659657,27.075811627659657
UGC07577,2.59,1.69,17.8,5.096098e+61,61.70723777106395,1e-45,-45.0,0.31007120925468656,0.1496998243217903,14.96998243217903
UGC07603,4.7,4.11,64.0,9.775412e+62,62.9901350704726,1.4622882253474837e-34,-33.83496701702192,38.023551877198784,0.3869611484752061,38.696114847520604
UGC07608,8.21,4.78,69.3,2.701686e+63,63.43163487229828,5.533322133917267e-35,-34.25701404568856,10.242278619875597,0.5615488314699066,56.15488314699066
UGC07690,8.11,4.13,55.9,4.908594e+63,63.69095711218716,2.0053260095662316e-35,-34.697815013245176,3.6431915122447878,0.130676453275101,13.0676453275101
UGC07866,4.57,2.32,33.1,3.381542e+62,62.52911478589265,5.210188953675811e-35,-34.2831465262109,1.3469791222101577,0.1813461386590586,18.13461386590586
UGC08286,6.5,8.04,84.3,1.179422e+64,64.07166922450122,4.2712051684393724e-35,-34.36944956662492,107.98705886129602,0.41760336255545527,41.760336255545525
UGC08490,4.65,10.15,77.6,8.255931e+63,63.916766054626585,5.98406685012213e-35,-34.223003563459606,41.2687668115001,0.3019215207694917,30.19215207694917
UGC08550,6.7,5.36,57.5,2.365045e+63,63.373839408526585,7.0757141561107e-35,-34.15022971998663,50.31611775513254,0.29676817852881926,29.676817852881925
UGC08699,39.3,25.7,183.0,2.125888e+66,66.32754038047737,1e-45,-45.0,45.7343294036788,0.17326250374380814,17.326250374380813
UGC08837,7.21,4.2,48.0,4.939029e+63,63.693641576172276,1e-45,-45.0,7.027923086016742,0.22134213732976113,22.134213732976114
UGC09037,83.6,27.96,152.0,4.228689e+66,66.62620574602407,1e-45,-45.0,36.96302557425957,0.23288962173403907,23.288962173403906
UGC09133,57.1,108.31,229.0,2.779565e+67,67.44397683444986,1.0264848037716876e-37,-36.98864747560362,785.8703088888271,0.24676554419763108,24.676554419763107
UGC09992,10.7,3.89,34.3,1.561676e+63,63.193590936066386,1.8831208285380624e-35,-34.72512181302434,0.0954360431933925,0.04812638344611372,4.812638344611372
UGC10310,15.2,7.74,73.2,4.623025e+64,64.66492624198506,4.379608112747555e-36,-35.35856474841954,9.21690342867557,0.2545488565088065,25.454885650880648
UGC11455,78.6,41.93,266.0,5.361745e+67,67.72930615546441,1e-45,-45.0,39.31906379841807,0.2106877625775837,21.06877625775837
UGC11557,24.2,10.56,84.5,3.093341e+65,65.49042779787428,1e-45,-45.0,6.614979905556587,0.8001143784647993,80.01143784647992
UGC11820,18.1,15.82,84.45,1.138749e+65,65.05642800860264,5.0190393982418526e-36,-35.29937939519822,310.2179611455746,1.5635475603302935,156.35475603302936
UGC11914,16.9,9.83,305.0,4.89711e+66,66.68993985934934,1e-45,-45.0,14.794124029041184,0.06823326014393742,6.823326014393742
UGC12506,100.6,49.99,225.0,2.567288e+67,67.40947459083542,3.508844259823009e-37,-36.45483590753281,18.338313529913112,0.2971631861794021,29.716318617940207
UGC12632,9.77,10.66,73.1,3.684909e+64,64.56642676728711,1.1124724386288378e-35,-34.95371073980742,29.218754296256076,0.42187216894815444,42.18721689481544
UGC12732,13.2,15.4,98.0,1.315176e+65,65.11898387504188,4.322584743558292e-36,-35.36425648369916,69.51654011383634,0.3820416871240521,38.20416871240521
UGCA281,5.68,1.08,29.5,3.398677e+61,61.53130989250798,4.089387525346853e-34,-33.38834173215901,4.164439229424122,0.2120530083183659,21.205300831836592
UGCA442,4.35,6.33,56.5,2.213415e+63,63.34506284877262,6.487231120030173e-35,-34.18794062922166,148.5289061067563,0.587046140029468,58.7046140029468
UGCA444,0.98,2.62,38.3,1.000159e+62,62.000069047333504,2.4920302965882685e-34,-33.603446682092674,4.175936983773578,0.3339933940315413,33.39933940315413
