ClID,sig200,M200,r200,N200,z,J,log10_J,k_best,mean_error,k_theory,log10_k_ratio
1.0,1042.09,1.355e+15,1.759,167,0.0732,5.387e+74,74.73,1.000e-42,0.7485,9.564e-51,-50.02
2.0,926.76,8.947e+14,1.511,63,0.1139,2.719e+74,74.43,1.000e-42,0.7232,1.113e-50,-49.95
3.0,932.60,8.757e+14,1.545,672,0.0234,2.737e+74,74.44,1.000e-42,0.6757,1.089e-50,-49.96
4.0,881.25,7.702e+14,1.453,155,0.0810,2.140e+74,74.33,1.000e-42,0.7145,1.157e-50,-49.94
5.0,842.65,7.589e+14,1.449,77,0.0751,2.010e+74,74.30,1.000e-42,0.7824,1.161e-50,-49.94
6.0,886.46,7.332e+14,1.431,128,0.0784,2.018e+74,74.30,1.000e-42,0.6759,1.175e-50,-49.93
7.0,887.63,7.281e+14,1.423,84,0.0878,1.996e+74,74.30,1.000e-42,0.6724,1.182e-50,-49.93
8.0,860.21,6.952e+14,1.390,80,0.1138,1.803e+74,74.26,1.000e-42,0.7065,1.211e-50,-49.92
9.0,838.21,6.632e+14,1.379,150,0.0898,1.663e+74,74.22,1.000e-42,0.7171,1.220e-50,-49.91
10.0,771.33,6.618e+14,1.401,299,0.0370,1.552e+74,74.19,1.000e-42,0.8491,1.200e-50,-49.92
11.0,846.60,6.583e+14,1.378,93,0.0849,1.666e+74,74.22,1.000e-42,0.6946,1.221e-50,-49.91
12.0,833.35,6.154e+14,1.340,72,0.1002,1.491e+74,74.17,1.000e-42,0.6875,1.255e-50,-49.90
13.0,861.51,5.915e+14,1.322,35,0.1017,1.461e+74,74.16,1.000e-42,0.6113,1.272e-50,-49.90
15.0,753.32,5.287e+14,1.284,109,0.0766,1.109e+74,74.05,1.000e-42,0.7676,1.310e-50,-49.88
16.0,733.15,5.118e+14,1.279,126,0.0555,1.041e+74,74.02,1.000e-42,0.7906,1.315e-50,-49.88
17.0,718.28,4.993e+14,1.278,283,0.0303,9.946e+73,74.00,1.000e-42,0.8055,1.316e-50,-49.88
19.0,683.93,4.874e+14,1.246,76,0.0863,9.009e+73,73.95,1.000e-42,0.8978,1.350e-50,-49.87
22.0,713.67,4.729e+14,1.230,32,0.0944,9.005e+73,73.95,1.000e-42,0.8028,1.368e-50,-49.86
23.0,765.15,4.717e+14,1.236,101,0.0772,9.678e+73,73.99,1.000e-42,0.6756,1.361e-50,-49.87
28.0,508.09,4.137e+14,1.179,39,0.0861,5.378e+73,73.73,1.000e-42,1.4183,1.426e-50,-49.85
29.0,733.73,4.121e+14,1.176,77,0.0899,7.718e+73,73.89,1.000e-42,0.6737,1.430e-50,-49.84
32.0,770.60,4.050e+14,1.187,119,0.0443,8.038e+73,73.91,1.000e-42,0.5730,1.417e-50,-49.85
34.0,721.15,4.032e+14,1.188,68,0.0358,7.496e+73,73.87,1.000e-42,0.6760,1.416e-50,-49.85
36.0,683.24,3.918e+14,1.152,42,0.1036,6.690e+73,73.83,1.000e-42,0.7714,1.461e-50,-49.84
37.0,702.56,3.917e+14,1.163,71,0.0727,6.944e+73,73.84,1.000e-42,0.7138,1.446e-50,-49.84
38.0,748.10,3.910e+14,1.157,31,0.0883,7.340e+73,73.87,1.000e-42,0.6126,1.454e-50,-49.84
39.0,663.96,3.835e+14,1.146,62,0.0981,6.328e+73,73.80,1.000e-42,0.8081,1.468e-50,-49.83
40.0,686.62,3.814e+14,1.148,68,0.0860,6.524e+73,73.81,1.000e-42,0.7419,1.465e-50,-49.83
43.0,532.75,3.753e+14,1.165,70,0.0232,5.053e+73,73.70,1.000e-42,1.2105,1.444e-50,-49.84
44.0,701.70,3.733e+14,1.145,95,0.0707,6.511e+73,73.81,1.000e-42,0.6881,1.468e-50,-49.83
45.0,659.93,3.712e+14,1.131,42,0.1034,6.012e+73,73.78,1.000e-42,0.8011,1.487e-50,-49.83
46.0,672.65,3.693e+14,1.130,38,0.1022,6.088e+73,73.78,1.000e-42,0.7636,1.489e-50,-49.83
48.0,667.82,3.674e+14,1.139,91,0.0720,6.063e+73,73.78,1.000e-42,0.7646,1.477e-50,-49.83
53.0,627.38,3.527e+14,1.119,61,0.0834,5.375e+73,73.73,1.000e-42,0.8564,1.503e-50,-49.82
54.0,710.96,3.526e+14,1.125,77,0.0688,6.116e+73,73.79,1.000e-42,0.6342,1.496e-50,-49.83
59.0,602.02,3.449e+14,1.110,43,0.0859,5.002e+73,73.70,1.000e-42,0.9210,1.515e-50,-49.82
60.0,715.06,3.441e+14,1.132,229,0.0219,6.043e+73,73.78,1.000e-42,0.5998,1.486e-50,-49.83
61.0,647.18,3.423e+14,1.111,60,0.0765,5.339e+73,73.73,1.000e-42,0.7798,1.514e-50,-49.82
63.0,743.22,3.397e+14,1.118,92,0.0494,6.121e+73,73.79,1.000e-42,0.5391,1.505e-50,-49.82
65.0,672.86,3.353e+14,1.095,33,0.0987,5.360e+73,73.73,1.000e-42,0.7062,1.536e-50,-49.81
66.0,660.88,3.335e+14,1.101,58,0.0779,5.263e+73,73.72,1.000e-42,0.7281,1.528e-50,-49.82
67.0,682.93,3.332e+14,1.103,78,0.0718,5.443e+73,73.74,1.000e-42,0.6703,1.526e-50,-49.82
68.0,679.36,3.289e+14,1.091,43,0.0903,5.290e+73,73.72,1.000e-42,0.6768,1.542e-50,-49.81
69.0,625.79,3.272e+14,1.094,55,0.0765,4.862e+73,73.69,1.000e-42,0.8131,1.537e-50,-49.81
70.0,647.17,3.266e+14,1.099,54,0.0609,5.040e+73,73.70,1.000e-42,0.7477,1.531e-50,-49.82
72.0,650.57,3.217e+14,1.088,107,0.0777,4.938e+73,73.69,1.000e-42,0.7344,1.547e-50,-49.81
74.0,639.46,3.176e+14,1.088,81,0.0628,4.794e+73,73.68,1.000e-42,0.7528,1.546e-50,-49.81
78.0,645.08,3.054e+14,1.081,129,0.0411,4.621e+73,73.66,1.000e-42,0.7091,1.556e-50,-49.81
81.0,676.27,3.034e+14,1.071,69,0.0660,4.765e+73,73.68,1.000e-42,0.6332,1.571e-50,-49.80
82.0,694.00,2.996e+14,1.077,111,0.0339,4.859e+73,73.69,1.000e-42,0.5770,1.562e-50,-49.81
88.0,603.94,2.919e+14,1.041,42,0.1114,3.983e+73,73.60,1.000e-42,0.8189,1.615e-50,-49.79
90.0,560.20,2.888e+14,1.047,32,0.0849,3.675e+73,73.57,1.000e-42,0.9454,1.607e-50,-49.79
95.0,575.58,2.857e+14,1.038,50,0.0982,3.704e+73,73.57,1.000e-42,0.8906,1.620e-50,-49.79
96.0,605.91,2.854e+14,1.032,42,0.1148,3.874e+73,73.59,1.000e-42,0.8005,1.629e-50,-49.79
98.0,636.87,2.839e+14,1.058,164,0.0332,4.151e+73,73.62,1.000e-42,0.6876,1.590e-50,-49.80
101.0,705.95,2.802e+14,1.030,34,0.1036,4.421e+73,73.65,1.000e-42,0.5331,1.633e-50,-49.79
103.0,616.01,2.775e+14,1.037,36,0.0735,3.845e+73,73.58,1.000e-42,0.7426,1.623e-50,-49.79
104.0,641.99,2.757e+14,1.042,86,0.0516,4.001e+73,73.60,1.000e-42,0.6626,1.615e-50,-49.79
109.0,573.07,2.712e+14,1.030,42,0.0703,3.473e+73,73.54,1.000e-42,0.8578,1.633e-50,-49.79
113.0,590.96,2.673e+14,1.022,43,0.0804,3.501e+73,73.54,1.000e-42,0.7958,1.647e-50,-49.78
114.0,560.71,2.636e+14,1.028,96,0.0449,3.298e+73,73.52,1.000e-42,0.8733,1.636e-50,-49.79
122.0,623.97,2.555e+14,1.018,46,0.0437,3.522e+73,73.55,1.000e-42,0.6657,1.652e-50,-49.78
123.0,607.00,2.550e+14,0.994,33,0.1150,3.338e+73,73.52,1.000e-42,0.7309,1.692e-50,-49.77
125.0,587.97,2.542e+14,1.010,45,0.0649,3.274e+73,73.52,1.000e-42,0.7705,1.666e-50,-49.78
126.0,622.91,2.538e+14,1.012,63,0.0543,3.473e+73,73.54,1.000e-42,0.6675,1.661e-50,-49.78
128.0,612.25,2.529e+14,1.008,75,0.0647,3.386e+73,73.53,1.000e-42,0.6973,1.669e-50,-49.78
133.0,630.16,2.492e+14,1.013,108,0.0328,3.452e+73,73.54,1.000e-42,0.6328,1.660e-50,-49.78
134.0,568.18,2.491e+14,0.991,41,0.0999,3.045e+73,73.48,1.000e-42,0.8302,1.697e-50,-49.77
137.0,698.76,2.475e+14,1.007,59,0.0450,3.778e+73,73.58,1.000e-42,0.4720,1.670e-50,-49.78
138.0,571.74,2.472e+14,0.991,31,0.0924,3.040e+73,73.48,1.000e-42,0.8119,1.697e-50,-49.77
142.0,534.09,2.459e+14,0.982,34,0.1162,2.797e+73,73.45,1.000e-42,0.9437,1.713e-50,-49.77
148.0,629.49,2.436e+14,0.987,36,0.0899,3.285e+73,73.52,1.000e-42,0.6371,1.704e-50,-49.77
149.0,584.51,2.430e+14,0.977,35,0.1190,3.012e+73,73.48,1.000e-42,0.7702,1.721e-50,-49.76
150.0,674.26,2.428e+14,0.985,32,0.0925,3.501e+73,73.54,1.000e-42,0.5274,1.707e-50,-49.77
155.0,609.15,2.411e+14,0.995,35,0.0554,3.170e+73,73.50,1.000e-42,0.6766,1.691e-50,-49.77
156.0,609.17,2.407e+14,0.998,58,0.0432,3.177e+73,73.50,1.000e-42,0.6725,1.685e-50,-49.77
161.0,607.49,2.379e+14,0.975,32,0.1027,3.059e+73,73.49,1.000e-42,0.6866,1.724e-50,-49.76
164.0,557.05,2.363e+14,0.975,42,0.0965,2.786e+73,73.44,1.000e-42,0.8333,1.725e-50,-49.76
169.0,641.19,2.338e+14,0.979,61,0.0754,3.182e+73,73.50,1.000e-42,0.5816,1.719e-50,-49.76
176.0,629.15,2.287e+14,0.977,46,0.0591,3.049e+73,73.48,1.000e-42,0.5960,1.723e-50,-49.76
182.0,537.23,2.270e+14,0.967,45,0.0830,2.558e+73,73.41,1.000e-42,0.8715,1.740e-50,-49.76
186.0,549.44,2.261e+14,0.973,81,0.0577,2.624e+73,73.42,1.000e-42,0.8201,1.728e-50,-49.76
187.0,593.53,2.251e+14,0.964,53,0.0813,2.795e+73,73.45,1.000e-42,0.6887,1.744e-50,-49.76
194.0,554.34,2.217e+14,0.960,34,0.0801,2.560e+73,73.41,1.000e-42,0.7987,1.752e-50,-49.76
195.0,582.47,2.217e+14,0.972,98,0.0415,2.723e+73,73.43,1.000e-42,0.7012,1.731e-50,-49.76
198.0,568.98,2.205e+14,0.959,36,0.0774,2.610e+73,73.42,1.000e-42,0.7484,1.754e-50,-49.76
201.0,579.26,2.203e+14,0.968,77,0.0460,2.680e+73,73.43,1.000e-42,0.7082,1.737e-50,-49.76
202.0,528.72,2.201e+14,0.956,38,0.0859,2.413e+73,73.38,1.000e-42,0.8829,1.760e-50,-49.75
204.0,543.24,2.189e+14,0.967,33,0.0447,2.494e+73,73.40,1.000e-42,0.8171,1.740e-50,-49.76
205.0,623.77,2.187e+14,0.956,70,0.0790,2.829e+73,73.45,1.000e-42,0.5909,1.760e-50,-49.75
213.0,498.77,2.127e+14,0.928,34,0.1390,2.137e+73,73.33,1.000e-42,0.9910,1.812e-50,-49.74
215.0,598.69,2.122e+14,0.951,54,0.0639,2.621e+73,73.42,1.000e-42,0.6369,1.769e-50,-49.75
222.0,550.68,2.104e+14,0.942,36,0.0833,2.369e+73,73.37,1.000e-42,0.7802,1.785e-50,-49.75
228.0,593.42,2.085e+14,0.940,77,0.0800,2.524e+73,73.40,1.000e-42,0.6460,1.789e-50,-49.75
231.0,524.94,2.066e+14,0.935,39,0.0876,2.201e+73,73.34,1.000e-42,0.8574,1.798e-50,-49.75
233.0,570.87,2.064e+14,0.942,54,0.0660,2.407e+73,73.38,1.000e-42,0.7015,1.786e-50,-49.75
235.0,598.20,2.058e+14,0.939,48,0.0701,2.509e+73,73.40,1.000e-42,0.6233,1.791e-50,-49.75
237.0,584.32,2.040e+14,0.936,42,0.0731,2.420e+73,73.38,1.000e-42,0.6578,1.797e-50,-49.75
242.0,571.81,2.031e+14,0.942,68,0.0489,2.373e+73,73.38,1.000e-42,0.6851,1.786e-50,-49.75
247.0,510.16,2.017e+14,0.937,36,0.0584,2.091e+73,73.32,1.000e-42,0.8870,1.796e-50,-49.75
254.0,536.07,1.986e+14,0.926,35,0.0767,2.140e+73,73.33,1.000e-42,0.7920,1.816e-50,-49.74
262.0,549.14,1.954e+14,0.931,66,0.0442,2.167e+73,73.34,1.000e-42,0.7308,1.807e-50,-49.74
266.0,484.29,1.945e+14,0.916,32,0.0902,1.872e+73,73.27,1.000e-42,0.9739,1.837e-50,-49.74
268.0,520.93,1.940e+14,0.931,41,0.0354,2.043e+73,73.31,1.000e-42,0.8178,1.806e-50,-49.74
271.0,517.20,1.927e+14,0.917,45,0.0754,1.984e+73,73.30,1.000e-42,0.8382,1.833e-50,-49.74
275.0,507.78,1.917e+14,0.921,53,0.0578,1.946e+73,73.29,1.000e-42,0.8640,1.826e-50,-49.74
278.0,549.99,1.908e+14,0.926,92,0.0349,2.109e+73,73.32,1.000e-42,0.7119,1.816e-50,-49.74
282.0,476.46,1.901e+14,0.914,35,0.0733,1.797e+73,73.25,1.000e-42,0.9858,1.840e-50,-49.74
288.0,552.69,1.891e+14,0.909,37,0.0837,2.062e+73,73.31,1.000e-42,0.7119,1.850e-50,-49.73
290.0,519.95,1.881e+14,0.916,56,0.0549,1.943e+73,73.29,1.000e-42,0.8078,1.836e-50,-49.74
303.0,583.85,1.840e+14,0.905,34,0.0700,2.109e+73,73.32,1.000e-42,0.6021,1.859e-50,-49.73
307.0,522.95,1.819e+14,0.900,38,0.0764,1.857e+73,73.27,1.000e-42,0.7836,1.870e-50,-49.73
310.0,576.10,1.811e+14,0.902,37,0.0638,2.041e+73,73.31,1.000e-42,0.6134,1.865e-50,-49.73
314.0,466.52,1.800e+14,0.908,57,0.0380,1.653e+73,73.22,1.000e-42,0.9802,1.853e-50,-49.73
322.0,605.47,1.767e+14,0.873,42,0.1367,2.028e+73,73.31,1.000e-42,0.5413,1.926e-50,-49.72
324.0,518.44,1.762e+14,0.879,38,0.1135,1.744e+73,73.24,1.000e-42,0.7913,1.913e-50,-49.72
333.0,525.19,1.741e+14,0.892,71,0.0584,1.769e+73,73.25,1.000e-42,0.7453,1.886e-50,-49.72
347.0,541.23,1.702e+14,0.885,65,0.0587,1.769e+73,73.25,1.000e-42,0.6810,1.901e-50,-49.72
348.0,517.73,1.698e+14,0.892,87,0.0318,1.701e+73,73.23,1.000e-42,0.7483,1.886e-50,-49.72
354.0,509.09,1.690e+14,0.885,53,0.0507,1.652e+73,73.22,1.000e-42,0.7804,1.900e-50,-49.72
357.0,552.30,1.679e+14,0.874,44,0.0849,1.757e+73,73.24,1.000e-42,0.6466,1.926e-50,-49.72
362.0,486.82,1.661e+14,0.874,33,0.0735,1.533e+73,73.19,1.000e-42,0.8580,1.925e-50,-49.72
365.0,508.89,1.654e+14,0.885,143,0.0298,1.615e+73,73.21,1.000e-42,0.7626,1.902e-50,-49.72
378.0,513.94,1.633e+14,0.858,31,0.1121,1.563e+73,73.19,1.000e-42,0.7613,1.961e-50,-49.71
382.0,569.43,1.616e+14,0.874,54,0.0439,1.744e+73,73.24,1.000e-42,0.5665,1.925e-50,-49.72
383.0,531.65,1.614e+14,0.871,41,0.0531,1.622e+73,73.21,1.000e-42,0.6799,1.931e-50,-49.71
387.0,507.97,1.609e+14,0.877,77,0.0293,1.555e+73,73.19,1.000e-42,0.7498,1.919e-50,-49.72
388.0,505.95,1.609e+14,0.872,39,0.0448,1.541e+73,73.19,1.000e-42,0.7608,1.928e-50,-49.71
392.0,541.74,1.604e+14,0.860,34,0.0865,1.621e+73,73.21,1.000e-42,0.6537,1.956e-50,-49.71
397.0,526.57,1.592e+14,0.858,31,0.0847,1.561e+73,73.19,1.000e-42,0.6966,1.960e-50,-49.71
401.0,521.70,1.586e+14,0.866,88,0.0528,1.554e+73,73.19,1.000e-42,0.7016,1.942e-50,-49.71
418.0,552.30,1.552e+14,0.861,39,0.0494,1.600e+73,73.20,1.000e-42,0.5949,1.954e-50,-49.71
422.0,481.29,1.543e+14,0.858,34,0.0518,1.384e+73,73.14,1.000e-42,0.8275,1.959e-50,-49.71
427.0,517.83,1.540e+14,0.853,44,0.0683,1.477e+73,73.17,1.000e-42,0.7019,1.971e-50,-49.71
435.0,478.91,1.523e+14,0.849,49,0.0721,1.344e+73,73.13,1.000e-42,0.8345,1.981e-50,-49.70
437.0,533.30,1.515e+14,0.850,34,0.0637,1.489e+73,73.17,1.000e-42,0.6421,1.979e-50,-49.70
446.0,424.73,1.494e+14,0.842,31,0.0771,1.160e+73,73.06,1.000e-42,1.0570,1.997e-50,-49.70
449.0,497.42,1.491e+14,0.854,55,0.0312,1.375e+73,73.14,1.000e-42,0.7426,1.969e-50,-49.71
450.0,464.12,1.491e+14,0.844,43,0.0690,1.267e+73,73.10,1.000e-42,0.8786,1.993e-50,-49.70
457.0,494.65,1.481e+14,0.831,54,0.1098,1.321e+73,73.12,1.000e-42,0.7706,2.024e-50,-49.69
460.0,461.55,1.468e+14,0.837,36,0.0787,1.230e+73,73.09,1.000e-42,0.8821,2.010e-50,-49.70
464.0,501.79,1.463e+14,0.845,34,0.0463,1.345e+73,73.13,1.000e-42,0.7203,1.991e-50,-49.70
465.0,505.97,1.462e+14,0.841,85,0.0605,1.349e+73,73.13,1.000e-42,0.7096,2.001e-50,-49.70
466.0,483.72,1.458e+14,0.832,35,0.0895,1.273e+73,73.10,1.000e-42,0.7950,2.021e-50,-49.69
467.0,528.06,1.453e+14,0.841,57,0.0544,1.400e+73,73.15,1.000e-42,0.6334,2.001e-50,-49.70
470.0,502.06,1.451e+14,0.840,32,0.0562,1.327e+73,73.12,1.000e-42,0.7174,2.003e-50,-49.70
478.0,514.71,1.436e+14,0.844,66,0.0286,1.354e+73,73.13,1.000e-42,0.6623,1.993e-50,-49.70
481.0,556.67,1.433e+14,0.831,39,0.0768,1.438e+73,73.16,1.000e-42,0.5477,2.025e-50,-49.69
483.0,487.76,1.431e+14,0.829,31,0.0836,1.255e+73,73.10,1.000e-42,0.7674,2.030e-50,-49.69
488.0,502.01,1.425e+14,0.833,45,0.0625,1.293e+73,73.11,1.000e-42,0.7089,2.019e-50,-49.69
496.0,493.68,1.415e+14,0.829,35,0.0722,1.256e+73,73.10,1.000e-42,0.7366,2.030e-50,-49.69
518.0,492.32,1.381e+14,0.835,84,0.0203,1.232e+73,73.09,1.000e-42,0.7131,2.014e-50,-49.70
523.0,459.87,1.372e+14,0.832,104,0.0276,1.139e+73,73.06,1.000e-42,0.8323,2.022e-50,-49.69
530.0,504.18,1.364e+14,0.824,48,0.0522,1.229e+73,73.09,1.000e-42,0.6741,2.042e-50,-49.69
538.0,470.78,1.357e+14,0.817,33,0.0723,1.132e+73,73.05,1.000e-42,0.7957,2.059e-50,-49.69
539.0,493.22,1.357e+14,0.807,32,0.1091,1.172e+73,73.07,1.000e-42,0.7242,2.084e-50,-49.68
541.0,541.64,1.351e+14,0.818,34,0.0632,1.300e+73,73.11,1.000e-42,0.5564,2.056e-50,-49.69
550.0,537.57,1.336e+14,0.814,42,0.0681,1.269e+73,73.10,1.000e-42,0.5635,2.067e-50,-49.68
551.0,497.58,1.336e+14,0.823,49,0.0340,1.187e+73,73.07,1.000e-42,0.6800,2.044e-50,-49.69
571.0,501.08,1.305e+14,0.813,57,0.0464,1.154e+73,73.06,1.000e-42,0.6584,2.069e-50,-49.68
577.0,469.65,1.295e+14,0.816,40,0.0282,1.076e+73,73.03,1.000e-42,0.7598,2.062e-50,-49.69
598.0,500.62,1.260e+14,0.800,33,0.0627,1.095e+73,73.04,1.000e-42,0.6451,2.104e-50,-49.68
608.0,494.41,1.246e+14,0.801,69,0.0469,1.070e+73,73.03,1.000e-42,0.6553,2.101e-50,-49.68
610.0,479.70,1.246e+14,0.801,119,0.0449,1.039e+73,73.02,1.000e-42,0.7053,2.100e-50,-49.68
615.0,480.63,1.242e+14,0.797,63,0.0578,1.033e+73,73.01,1.000e-42,0.7040,2.110e-50,-49.68
616.0,480.48,1.238e+14,0.799,95,0.0449,1.032e+73,73.01,1.000e-42,0.6990,2.104e-50,-49.68
629.0,460.00,1.222e+14,0.801,78,0.0233,9.776e+72,72.99,1.000e-42,0.7612,2.099e-50,-49.68
631.0,482.96,1.218e+14,0.799,56,0.0309,1.019e+73,73.01,1.000e-42,0.6774,2.106e-50,-49.68
652.0,476.21,1.184e+14,0.773,33,0.1028,9.459e+72,72.98,1.000e-42,0.7049,2.176e-50,-49.66
660.0,476.40,1.180e+14,0.780,40,0.0734,9.507e+72,72.98,1.000e-42,0.6940,2.158e-50,-49.67
665.0,488.87,1.177e+14,0.782,31,0.0621,9.761e+72,72.99,1.000e-42,0.6465,2.152e-50,-49.67
666.0,421.52,1.175e+14,0.778,38,0.0737,8.368e+72,72.92,1.000e-42,0.9121,2.161e-50,-49.67
686.0,449.72,1.145e+14,0.780,49,0.0394,8.719e+72,72.94,1.000e-42,0.7672,2.156e-50,-49.67
692.0,435.23,1.139e+14,0.779,54,0.0383,8.382e+72,72.92,1.000e-42,0.8225,2.159e-50,-49.67
697.0,488.07,1.136e+14,0.781,49,0.0259,9.397e+72,72.97,1.000e-42,0.6204,2.153e-50,-49.67
702.0,426.03,1.130e+14,0.771,31,0.0636,8.051e+72,72.91,1.000e-42,0.8642,2.182e-50,-49.66
703.0,442.56,1.130e+14,0.766,33,0.0825,8.310e+72,72.92,1.000e-42,0.7999,2.196e-50,-49.66
706.0,497.00,1.127e+14,0.769,33,0.0667,9.350e+72,72.97,1.000e-42,0.5975,2.186e-50,-49.66
717.0,456.89,1.112e+14,0.772,52,0.0410,8.511e+72,72.93,1.000e-42,0.7228,2.178e-50,-49.66
732.0,471.50,1.099e+14,0.771,43,0.0321,8.670e+72,72.94,1.000e-42,0.6606,2.181e-50,-49.66
736.0,524.67,1.094e+14,0.762,36,0.0649,9.490e+72,72.98,1.000e-42,0.4977,2.207e-50,-49.66
743.0,444.41,1.084e+14,0.757,33,0.0754,7.917e+72,72.90,1.000e-42,0.7659,2.221e-50,-49.65
744.0,463.58,1.082e+14,0.761,42,0.0579,8.285e+72,72.92,1.000e-42,0.6872,2.210e-50,-49.66
747.0,474.26,1.080e+14,0.769,57,0.0235,8.545e+72,72.93,1.000e-42,0.6392,2.188e-50,-49.66
762.0,476.04,1.062e+14,0.759,43,0.0460,8.327e+72,72.92,1.000e-42,0.6296,2.215e-50,-49.65
778.0,421.88,1.033e+14,0.738,34,0.1072,6.976e+72,72.84,1.000e-42,0.8402,2.280e-50,-49.64
791.0,420.27,1.023e+14,0.747,50,0.0599,6.964e+72,72.84,1.000e-42,0.8270,2.253e-50,-49.65
793.0,441.81,1.020e+14,0.748,45,0.0526,7.306e+72,72.86,1.000e-42,0.7341,2.250e-50,-49.65
803.0,433.25,1.011e+14,0.746,37,0.0491,7.090e+72,72.85,1.000e-42,0.7623,2.254e-50,-49.65
812.0,408.92,1.000e+14,0.741,32,0.0607,6.576e+72,72.82,1.000e-42,0.8640,2.270e-50,-49.64
815.0,427.16,9.896e+13,0.731,36,0.0914,6.703e+72,72.83,1.000e-42,0.7869,2.301e-50,-49.64
821.0,431.61,9.852e+13,0.732,31,0.0802,6.758e+72,72.83,1.000e-42,0.7626,2.296e-50,-49.64
841.0,456.97,9.705e+13,0.741,41,0.0278,7.131e+72,72.85,1.000e-42,0.6428,2.270e-50,-49.64
850.0,468.83,9.599e+13,0.736,37,0.0401,7.182e+72,72.86,1.000e-42,0.5984,2.287e-50,-49.64
852.0,437.02,9.556e+13,0.737,48,0.0290,6.678e+72,72.82,1.000e-42,0.7093,2.282e-50,-49.64
876.0,437.22,9.307e+13,0.729,41,0.0343,6.439e+72,72.81,1.000e-42,0.6949,2.307e-50,-49.64
885.0,428.86,9.246e+13,0.725,42,0.0460,6.237e+72,72.80,1.000e-42,0.7273,2.320e-50,-49.63
932.0,411.02,8.859e+13,0.720,101,0.0239,5.686e+72,72.75,1.000e-42,0.7706,2.337e-50,-49.63
942.0,409.17,8.751e+13,0.716,56,0.0277,5.562e+72,72.75,1.000e-42,0.7724,2.350e-50,-49.63
950.0,411.10,8.681e+13,0.713,53,0.0321,5.521e+72,72.74,1.000e-42,0.7606,2.359e-50,-49.63
952.0,424.13,8.652e+13,0.711,46,0.0365,5.663e+72,72.75,1.000e-42,0.7058,2.365e-50,-49.63
970.0,448.40,8.499e+13,0.709,32,0.0297,5.859e+72,72.77,1.000e-42,0.6022,2.374e-50,-49.62
989.0,426.15,8.363e+13,0.694,33,0.0792,5.364e+72,72.73,1.000e-42,0.6900,2.425e-50,-49.62
991.0,425.71,8.351e+13,0.707,47,0.0177,5.454e+72,72.74,1.000e-42,0.6747,2.379e-50,-49.62
998.0,421.30,8.295e+13,0.701,51,0.0394,5.313e+72,72.73,1.000e-42,0.6940,2.401e-50,-49.62
1016.0,412.24,8.171e+13,0.701,40,0.0215,5.124e+72,72.71,1.000e-42,0.7179,2.399e-50,-49.62
1029.0,403.33,8.081e+13,0.693,36,0.0467,4.901e+72,72.69,1.000e-42,0.7561,2.427e-50,-49.61
1030.0,408.05,8.079e+13,0.690,37,0.0600,4.936e+72,72.69,1.000e-42,0.7394,2.438e-50,-49.61
1103.0,426.88,7.475e+13,0.671,35,0.0689,4.642e+72,72.67,1.000e-42,0.6224,2.509e-50,-49.60
1119.0,415.00,7.392e+13,0.673,31,0.0465,4.478e+72,72.65,1.000e-42,0.6568,2.500e-50,-49.60
1128.0,408.49,7.343e+13,0.669,36,0.0583,4.352e+72,72.64,1.000e-42,0.6826,2.515e-50,-49.60
1137.0,435.59,7.262e+13,0.662,34,0.0793,4.542e+72,72.66,1.000e-42,0.5774,2.541e-50,-49.59
1174.0,452.11,7.014e+13,0.663,40,0.0351,4.565e+72,72.66,1.000e-42,0.4918,2.535e-50,-49.60
1221.0,448.37,6.612e+13,0.651,31,0.0334,4.187e+72,72.62,1.000e-42,0.4745,2.584e-50,-49.59
1277.0,411.27,6.287e+13,0.639,49,0.0403,3.583e+72,72.55,1.000e-42,0.5824,2.634e-50,-49.58
1295.0,415.40,6.141e+13,0.636,34,0.0293,3.520e+72,72.55,1.000e-42,0.5518,2.645e-50,-49.58
1378.0,414.89,5.729e+13,0.621,48,0.0286,3.205e+72,72.51,1.000e-42,0.5180,2.707e-50,-49.57
1428.0,429.09,5.542e+13,0.615,35,0.0242,3.175e+72,72.50,1.000e-42,0.4506,2.733e-50,-49.56
1452.0,422.39,5.386e+13,0.609,40,0.0298,3.004e+72,72.48,1.000e-42,0.4609,2.764e-50,-49.56
1544.0,401.31,4.978e+13,0.594,32,0.0228,2.575e+72,72.41,1.000e-42,0.4962,2.831e-50,-49.55
