galaxy_name,h_kpc,B_T,SB_disk_center,SB_bulge_center
CamB,0.4603,,35.42,
D512-2,1.2245,,69.38,
D564-8,0.6046,,17.09,
D631-7,0.6886,,68.43,
DDO064,0.7150,,84.18,
DDO154,0.3656,,75.10,
DDO161,1.2205,,289.75,
DDO168,1.0451,,109.76,
DDO170,1.9818,,66.07,
ESO079-G014,5.1680,,5395.48,
ESO116-G012,1.4839,,1454.89,
ESO444-G084,0.4617,,34.48,
ESO563-G021,5.4220,,12718.33,
F561-1,3.1014,,92.65,
F563-1,3.3836,,105.11,
F563-V1,3.8603,,36.28,
F563-V2,2.5036,,109.96,
F565-V2,2.1868,,25.10,
F567-2,3.3002,,40.74,
F568-1,4.6118,,141.65,
F568-3,4.8069,,208.94,
F568-V1,2.8059,,136.53,
F571-8,2.2443,,5100.70,
F571-V1,2.4400,,51.15,
F574-1,3.6024,,256.82,
F574-2,3.9629,,35.94,
F579-V1,3.4907,,204.19,
F583-1,2.3037,,72.58,
F583-4,2.0078,,59.71,
IC2574,2.8113,,117.28,
IC4202,5.7774,0.0371,2611.14,4786.93
KK98-251,1.2660,,48.53,
NGC0024,1.2918,,1749.16,
NGC0055,4.0849,,1717.24,
NGC0100,1.8172,,1182.58,
NGC0247,3.8743,,497.08,
NGC0289,5.5817,,19553.75,
NGC0300,1.7478,,1386.85,
NGC0801,8.2074,,19463.91,
NGC0891,2.2234,0.0650,8257.15,18392.33
NGC1003,1.5952,,1865.65,
NGC1090,3.6225,,4203.68,
NGC1705,0.3930,,1082.51,
NGC2366,0.6483,,73.05,
NGC2403,1.4004,,2055.09,
NGC2683,2.1891,0.0197,6931.54,39050.75
NGC2841,3.6747,0.1238,2997.99,89676.02
NGC2903,2.0214,,55059.22,
NGC2915,0.5507,,2202.06,
NGC2955,9.5158,0.1333,3348.34,7871.49
NGC2976,0.9996,,4889.11,
NGC2998,5.3044,,4168.98,
NGC3109,1.5667,,167.04,
NGC3198,3.1962,,18048.04,
NGC3521,1.9519,,120567.44,
NGC3726,3.4629,,8929.56,
NGC3741,0.2023,,214.21,
NGC3769,2.8121,,4664.77,
NGC3877,2.5812,,25190.11,
NGC3893,2.2168,,14751.29,
NGC3917,2.6962,,1879.45,
NGC3949,1.9812,,8418.41,
NGC3953,3.3567,,31947.00,
NGC3972,2.2323,,2584.82,
NGC3992,5.4119,,31566.76,
NGC4010,2.6892,,2608.74,
NGC4013,2.0116,0.0267,7125.74,23777.13
NGC4051,4.7226,,126133.38,
NGC4068,0.6828,,113.67,
NGC4085,1.1661,,15347.23,
NGC4088,2.5259,,28341.97,
NGC4100,2.4605,,21243.69,
NGC4138,1.5042,0.1366,3474.00,51268.41
NGC4157,2.3886,0.0032,10111.84,8516.99
NGC4183,2.8318,,2114.61,
NGC4214,0.5121,,1736.32,
NGC4217,2.5828,0.1212,5455.44,13524.46
NGC4389,1.9063,,2940.56,
NGC4559,2.1161,,1951.78,
NGC5005,4.2978,0.0501,11717.37,17159.88
NGC5033,4.2954,0.1165,7125.74,79869.91
NGC5055,3.1440,,106962.13,
NGC5371,5.6929,,24458.51,
NGC5585,1.1791,,1283.60,
NGC5907,5.3178,,23967.90,
NGC5985,7.0356,0.0243,1693.67,7078.46
NGC6015,2.3179,,3937.59,
NGC6195,10.3145,0.1806,1249.77,8735.49
NGC6503,1.7859,,12179.52,
NGC6674,6.0393,0.0524,1773.50,4733.00
NGC6789,0.3050,,248.22,
NGC6946,2.4428,0.0503,2425.66,115634.90
NGC7331,3.9590,0.0209,36043.75,77020.14
NGC7793,1.1895,,10765.40,
NGC7814,2.5484,0.3515,2635.30,316261.89
PGC51017,0.5320,,57.65,
UGC00128,5.9490,,257.06,
UGC00191,1.5873,,235.09,
UGC00634,2.4349,,117.61,
UGC00731,2.3526,,75.24,
UGC00891,1.4068,,107.46,
UGC01230,4.3384,,137.92,
UGC01281,1.4122,,199.72,
UGC02023,1.5618,,98.00,
UGC02259,1.6204,,239.24,
UGC02455,1.0344,,3712.19,
UGC02487,7.9702,0.2087,1150.35,5823.63
UGC02885,10.1252,0.0973,1647.52,13406.25
UGC02916,6.1512,0.3947,520.99,11777.07
UGC02953,3.5513,0.0915,4215.31,32695.41
UGC03205,3.2456,0.0806,1434.93,7706.54
UGC03546,2.7601,0.2048,4254.32,79034.52
UGC03580,2.3302,0.1772,1171.74,5418.27
UGC04278,1.5623,,633.91,
UGC04305,1.1051,,88.89,
UGC04325,1.4173,,227.21,
UGC04483,0.1789,,39.67,
UGC04499,1.6376,,349.65,
UGC05005,3.1999,,53.71,
UGC05253,6.0631,0.3498,1029.98,43864.68
UGC05414,1.4426,,151.23,
UGC05716,1.1465,,80.40,
UGC05721,0.3813,,1277.70,
UGC05750,3.1665,,96.75,
UGC05764,0.8953,,84.03,
UGC05829,2.0661,,60.15,
UGC05918,1.7440,,30.12,
UGC05986,1.4620,,1840.05,
UGC05999,3.2437,,62.06,
UGC06399,2.1187,,301.18,
UGC06446,1.4313,,229.53,
UGC06614,6.5951,0.5629,91.38,13984.30
UGC06628,2.6632,,388.36,
UGC06667,5.2187,,678.63,
UGC06786,3.4368,0.1558,1088.50,21814.96
UGC06787,4.4815,0.3098,1502.55,68226.64
UGC06818,1.3572,,278.76,
UGC06917,2.3899,,415.75,
UGC06923,1.3599,,939.36,
UGC06930,2.8585,,715.20,
UGC06973,1.0491,0.0446,13086.70,16137.17
UGC06983,2.0832,,593.79,
UGC07089,2.3153,,358.78,
UGC07125,2.5797,,229.53,
UGC07151,1.2795,,977.30,
UGC07232,0.2559,,263.04,
UGC07261,0.9631,,499.38,
UGC07323,1.8767,,333.60,
UGC07399,1.2300,,801.00,
UGC07524,3.1163,,14535.50,
UGC07559,0.5908,,88.15,
UGC07577,0.5704,,63.10,
UGC07603,0.5288,,491.62,
UGC07608,1.5221,,67.36,
UGC07690,0.5132,,485.32,
UGC07866,0.6238,,74.89,
UGC08286,1.1321,,825.71,
UGC08490,0.6748,,795.85,
UGC08550,0.4600,,324.21,
UGC08699,3.0985,0.1338,4333.41,24150.58
UGC08837,1.1724,,135.03,
UGC09037,7.6093,,3127.74,
UGC09133,6.9011,0.2022,2611.14,27144.69
UGC09992,0.9153,,104.14,
UGC10310,1.8512,,122.70,
UGC11455,4.8063,,11924.22,
UGC11557,2.1252,,589.43,
UGC11820,1.9938,,104.82,
UGC11914,2.9963,0.2436,3168.33,43035.09
UGC12506,8.2785,,5390.51,
UGC12632,2.3402,,87.26,
UGC12732,1.9788,,223.68,
UGCA281,0.9902,,103.47,
UGCA442,1.2126,,78.35,
UGCA444,0.8242,,1280.06,
