galaxy_name,J_old_circular,J_new_visible,r_disk_kpc,v_visible_at_disk,ratio,sigma_J_frac,sigma_J_pct,sigma_J_abs,J_lower_1sigma,J_upper_1sigma,sigma_from_incl_pct,sigma_from_D_pct,inclination_deg,distance_mpc
CamB,3.712786e+62,5.398341e+61,0.90,16.72,0.145399,0.2196,21.96,1.1855e+61,4.212859e+61,6.583823e+61,9.07,20.00,60.0,3.36
D512-2,9.684708e+63,5.677298e+62,1.92,22.10,0.058621,0.2196,21.96,1.2467e+62,4.430557e+62,6.924039e+62,9.07,20.00,60.0,15.2
D564-8,2.101369e+63,4.546862e+61,1.53,11.08,0.021638,0.2196,21.96,9.9850e+60,3.548366e+61,5.545358e+61,9.07,20.00,60.0,8.79
D631-7,1.387801e+65,1.060118e+63,1.80,28.41,0.007639,0.2196,21.96,2.3280e+62,8.273145e+62,1.292921e+63,9.07,20.00,60.0,7.72
DDO064,1.307244e+64,9.573543e+62,1.88,26.68,0.073235,0.2196,21.96,2.1024e+62,7.471182e+62,1.167590e+63,9.07,20.00,60.0,6.8
DDO154,4.710676e+64,8.058488e+62,2.96,18.61,0.017107,0.2196,21.96,1.7697e+62,6.288835e+62,9.828142e+62,9.07,20.00,60.0,4.04
DDO161,7.366697e+65,2.186960e+64,5.81,35.67,0.029687,0.2196,21.96,4.8026e+63,1.706701e+64,2.667219e+64,9.07,20.00,60.0,7.5
DDO168,3.405729e+64,1.977757e+63,2.47,28.32,0.058071,0.2196,21.96,4.3432e+62,1.543440e+63,2.412075e+63,9.07,20.00,60.0,4.25
DDO170,5.220390e+65,1.746694e+64,6.35,31.20,0.033459,0.2196,21.96,3.8358e+63,1.363118e+64,2.130270e+64,9.07,20.00,60.0,15.4
ESO079-G014,2.236335e+67,3.232172e+66,10.04,130.98,0.144530,0.2196,21.96,7.0979e+65,2.522384e+66,3.941961e+66,9.07,20.00,60.0,28.7
ESO116-G012,1.949008e+66,6.129155e+64,3.68,68.20,0.031448,0.2196,21.96,1.3460e+64,4.783185e+64,7.475124e+64,9.07,20.00,60.0,13.0
ESO444-G084,6.933846e+64,6.009088e+62,1.81,23.43,0.008666,0.2196,21.96,1.3196e+62,4.689485e+62,7.328691e+62,9.07,20.00,60.0,4.83
ESO563-G021,7.794818e+68,4.318052e+67,12.06,275.04,0.055396,0.2196,21.96,9.4825e+66,3.369803e+67,5.266301e+67,9.07,20.00,60.0,60.8
F561-1,1.704714e+65,1.545060e+65,8.06,55.03,0.906346,0.2196,21.96,3.3930e+64,1.205763e+65,1.884357e+65,9.07,20.00,60.0,66.4
F563-1,6.866183e+66,1.431300e+65,11.84,41.52,0.020846,0.2196,21.96,3.1432e+64,1.116985e+65,1.745615e+65,9.07,20.00,60.0,48.9
F563-V1,1.798221e+64,9.805673e+63,5.24,29.25,0.545299,0.2196,21.96,2.1533e+63,7.652336e+63,1.195901e+64,9.07,20.00,60.0,54.0
F563-V2,2.570070e+66,1.357328e+65,7.86,53.60,0.052813,0.2196,21.96,2.9807e+64,1.059257e+65,1.655399e+65,9.07,20.00,60.0,59.7
F565-V2,6.341238e+65,1.470806e+64,6.29,29.64,0.023194,0.2196,21.96,3.2299e+63,1.147815e+64,1.793797e+64,9.07,20.00,60.0,51.8
F567-2,1.866613e+65,4.357447e+64,7.67,37.30,0.233441,0.2196,21.96,9.5690e+63,3.400547e+64,5.314348e+64,9.07,20.00,60.0,79.0
F568-1,7.151388e+66,2.755108e+65,9.24,60.93,0.038525,0.2196,21.96,6.0502e+64,2.150083e+65,3.360133e+65,9.07,20.00,60.0,90.7
F568-3,7.971293e+66,3.186613e+65,10.17,59.99,0.039976,0.2196,21.96,6.9978e+64,2.486829e+65,3.886397e+65,9.07,20.00,60.0,82.4
F568-V1,7.287126e+66,1.453949e+65,9.00,50.11,0.019952,0.2196,21.96,3.1929e+64,1.134660e+65,1.773238e+65,9.07,20.00,60.0,80.6
F571-8,1.030277e+67,1.165149e+65,2.33,114.57,0.011309,0.2196,21.96,2.5587e+64,9.092810e+64,1.421017e+65,9.07,20.00,60.0,53.3
F571-V1,1.556433e+66,6.166027e+64,7.78,41.48,0.039616,0.2196,21.96,1.3541e+64,4.811960e+64,7.520093e+64,9.07,20.00,60.0,80.1
F574-1,2.245082e+66,1.330414e+65,7.99,52.66,0.059259,0.2196,21.96,2.9216e+64,1.038254e+65,1.622575e+65,9.07,20.00,60.0,96.8
F574-2,1.071131e+65,7.785630e+64,8.65,41.78,0.726861,0.2196,21.96,1.7097e+64,6.075897e+64,9.495364e+64,9.07,20.00,60.0,89.1
F579-V1,4.858683e+66,3.212038e+65,7.37,74.56,0.066109,0.2196,21.96,7.0537e+64,2.506671e+65,3.917405e+65,9.07,20.00,60.0,89.5
F583-1,2.382915e+66,8.692752e+64,10.29,38.60,0.036479,0.2196,21.96,1.9089e+64,6.783814e+64,1.060169e+65,9.07,20.00,60.0,35.4
F583-4,2.589955e+65,1.320072e+64,3.92,39.19,0.050969,0.2196,21.96,2.8989e+63,1.030182e+64,1.609961e+64,9.07,20.00,60.0,53.3
IC2574,4.592702e+65,2.091093e+64,6.54,32.48,0.045531,0.2196,21.96,4.5921e+63,1.631887e+64,2.550300e+64,9.07,20.00,60.0,3.91
IC4202,1.442434e+68,1.733242e+67,9.45,238.71,0.120161,0.2196,21.96,3.8062e+66,1.352620e+67,2.113864e+67,9.07,20.00,60.0,100.4
KK98-251,5.592070e+63,4.112813e+62,1.89,20.06,0.073547,0.2196,21.96,9.0318e+61,3.209634e+62,5.015991e+62,9.07,20.00,60.0,6.8
NGC0024,2.412301e+66,3.130580e+64,2.44,71.69,0.012978,0.2196,21.96,6.8748e+63,2.443101e+64,3.818059e+64,9.07,20.00,60.0,7.3
NGC0055,1.683145e+66,1.385052e+65,7.37,56.33,0.082290,0.2196,21.96,3.0416e+64,1.080893e+65,1.689211e+65,9.07,20.00,60.0,2.11
NGC0100,1.001706e+66,2.932461e+64,3.42,56.01,0.029275,0.2196,21.96,6.4397e+63,2.288489e+64,3.576433e+64,9.07,20.00,60.0,13.5
NGC0247,3.695607e+66,1.992759e+65,8.07,59.86,0.053922,0.2196,21.96,4.3761e+64,1.555147e+65,2.430371e+65,9.07,20.00,60.0,3.7
NGC0289,3.242209e+68,5.504732e+66,6.38,211.62,0.016978,0.2196,21.96,1.2088e+66,4.295886e+66,6.713577e+66,9.07,20.00,60.0,20.8
NGC0300,1.624069e+66,3.240149e+64,4.08,51.48,0.019951,0.2196,21.96,7.1154e+63,2.528608e+64,3.951689e+64,9.07,20.00,60.0,2.08
NGC0801,5.145881e+68,6.655067e+67,17.65,246.46,0.129328,0.2196,21.96,1.4615e+67,5.193606e+67,8.116527e+67,9.07,20.00,60.0,80.7
NGC0891,3.759202e+67,7.093857e+66,3.24,361.79,0.188706,0.2196,21.96,1.5578e+66,5.536038e+66,8.651676e+66,9.07,20.00,60.0,9.91
NGC1003,1.984553e+67,2.471430e+65,6.22,76.50,0.012453,0.2196,21.96,5.4273e+64,1.928701e+65,3.014159e+65,9.07,20.00,60.0,11.4
NGC1090,5.291880e+67,4.843830e+66,8.17,171.97,0.091533,0.2196,21.96,1.0637e+66,3.780119e+66,5.907541e+66,9.07,20.00,60.0,37.0
NGC1705,1.877700e+65,1.823347e+63,1.11,46.98,0.009711,0.2196,21.96,4.0041e+62,1.422938e+63,2.223756e+63,9.07,20.00,60.0,5.73
NGC2366,6.317303e+64,3.304920e+63,2.97,29.72,0.052315,0.2196,21.96,7.2576e+62,2.579155e+63,4.030684e+63,9.07,20.00,60.0,3.27
NGC2403,1.495426e+67,2.100832e+65,3.59,104.54,0.014048,0.2196,21.96,4.6135e+64,1.639487e+65,2.562178e+65,9.07,20.00,60.0,3.16
NGC2683,5.888309e+67,6.470437e+66,5.77,238.81,0.109886,0.2196,21.96,1.4209e+66,5.049521e+66,7.891352e+66,9.07,20.00,60.0,9.81
NGC2841,1.468615e+69,1.711831e+67,7.18,285.50,0.011656,0.2196,21.96,3.7592e+66,1.335911e+67,2.087751e+67,9.07,20.00,60.0,14.1
NGC2903,5.184565e+67,2.029176e+66,2.56,278.92,0.039139,0.2196,21.96,4.4561e+65,1.583567e+66,2.474786e+66,9.07,20.00,60.0,6.6
NGC2915,9.309394e+65,4.700836e+63,2.67,35.89,0.005050,0.2196,21.96,1.0323e+63,3.668527e+63,5.733145e+63,9.07,20.00,60.0,4.06
NGC2955,2.095200e+68,3.402500e+67,8.42,322.79,0.162395,0.2196,21.96,7.4719e+66,2.655307e+67,4.149693e+67,9.07,20.00,60.0,97.9
NGC2976,4.563567e+64,1.216545e+64,1.42,75.06,0.266578,0.2196,21.96,2.6715e+63,9.493901e+63,1.483699e+64,9.07,20.00,60.0,3.58
NGC2998,2.133849e+68,2.234057e+67,12.50,215.59,0.104696,0.2196,21.96,4.9060e+66,1.743456e+67,2.724659e+67,9.07,20.00,60.0,68.1
NGC3109,1.809549e+65,2.083339e+63,3.61,22.38,0.011513,0.2196,21.96,4.5750e+62,1.625836e+63,2.540843e+63,9.07,20.00,60.0,1.33
NGC3198,9.171653e+67,1.887833e+66,6.74,142.81,0.020583,0.2196,21.96,4.1457e+65,1.473263e+66,2.302403e+66,9.07,20.00,60.0,13.8
NGC3521,3.925677e+67,2.502308e+66,2.92,273.98,0.063742,0.2196,21.96,5.4951e+65,1.952799e+66,3.051818e+66,9.07,20.00,60.0,7.7
NGC3726,7.028394e+67,3.931762e+66,6.98,178.17,0.055941,0.2196,21.96,8.6342e+65,3.068342e+66,4.795181e+66,9.07,20.00,60.0,18.0
NGC3741,9.606182e+64,5.056324e+62,3.73,13.66,0.005264,0.2196,21.96,1.1104e+62,3.945950e+62,6.166699e+62,9.07,20.00,60.0,3.21
NGC3769,2.843102e+67,4.591850e+65,3.50,137.98,0.016151,0.2196,21.96,1.0084e+65,3.583474e+65,5.600225e+65,9.07,20.00,60.0,18.0
NGC3877,8.872734e+66,5.170130e+66,6.98,195.19,0.582699,0.2196,21.96,1.1354e+66,4.034764e+66,6.305497e+66,9.07,20.00,60.0,18.0
NGC3893,2.411821e+67,3.801592e+66,5.24,213.29,0.157623,0.2196,21.96,8.3483e+65,2.966758e+66,4.636426e+66,9.07,20.00,60.0,18.0
NGC3917,8.102237e+66,9.015542e+65,6.98,109.05,0.111272,0.2196,21.96,1.9798e+65,7.035719e+65,1.099537e+66,9.07,20.00,60.0,18.0
NGC3949,3.442743e+66,1.422930e+66,3.50,201.16,0.413313,0.2196,21.96,3.1248e+65,1.110453e+66,1.735407e+66,9.07,20.00,60.0,18.0
NGC3953,3.486688e+67,1.584885e+67,8.72,244.45,0.454553,0.2196,21.96,3.4804e+66,1.236843e+67,1.932928e+67,9.07,20.00,60.0,18.0
NGC3972,2.610676e+66,4.099040e+65,5.24,101.52,0.157011,0.2196,21.96,9.0015e+64,3.198886e+65,4.999194e+65,9.07,20.00,60.0,18.0
NGC3992,4.022943e+68,4.075555e+67,13.79,246.73,0.101308,0.2196,21.96,8.9500e+66,3.180559e+67,4.970552e+67,9.07,20.00,60.0,23.7
NGC4010,2.840393e+66,3.994208e+65,5.24,100.64,0.140622,0.2196,21.96,8.7713e+64,3.117075e+65,4.871341e+65,9.07,20.00,60.0,18.0
NGC4013,6.741491e+67,4.325481e+66,5.49,215.85,0.064162,0.2196,21.96,9.4988e+65,3.375601e+66,5.275362e+66,9.07,20.00,60.0,18.0
NGC4051,7.594293e+66,4.198384e+66,6.98,182.11,0.552834,0.2196,21.96,9.2197e+65,3.276414e+66,5.120354e+66,9.07,20.00,60.0,18.0
NGC4068,5.698487e+63,1.337719e+63,1.91,29.51,0.234750,0.2196,21.96,2.9376e+62,1.043955e+63,1.631484e+63,9.07,20.00,60.0,4.37
NGC4085,1.379767e+66,6.163729e+65,3.58,149.93,0.446722,0.2196,21.96,1.3536e+65,4.810167e+65,7.517291e+65,9.07,20.00,60.0,18.0
NGC4088,3.468342e+67,1.308757e+67,6.98,266.02,0.377344,0.2196,21.96,2.8740e+66,1.021352e+67,1.596162e+67,9.07,20.00,60.0,18.0
NGC4100,2.971266e+67,2.237053e+66,5.24,178.73,0.075290,0.2196,21.96,4.9126e+65,1.745794e+66,2.728313e+66,9.07,20.00,60.0,18.0
NGC4138,1.662535e+67,1.188706e+66,2.61,230.39,0.071500,0.2196,21.96,2.6104e+65,9.276645e+65,1.449747e+66,9.07,20.00,60.0,18.0
NGC4157,7.921322e+67,5.555700e+66,5.24,242.04,0.070136,0.2196,21.96,1.2200e+66,4.335662e+66,6.775738e+66,9.07,20.00,60.0,18.0
NGC4183,9.097172e+66,3.636252e+65,6.98,80.57,0.039971,0.2196,21.96,7.9853e+64,2.837727e+65,4.434777e+65,9.07,20.00,60.0,18.0
NGC4214,2.368250e+65,3.262614e+63,1.04,59.57,0.013776,0.2196,21.96,7.1647e+62,2.546140e+63,3.979088e+63,9.07,20.00,60.0,2.87
NGC4217,2.249770e+67,3.938952e+66,3.50,282.45,0.175082,0.2196,21.96,8.6500e+65,3.073953e+66,4.803950e+66,9.07,20.00,60.0,18.0
NGC4389,5.375353e+65,5.413045e+65,3.58,143.58,1.007012,0.2196,21.96,1.1887e+65,4.224334e+65,6.601755e+65,9.07,20.00,60.0,18.0
NGC4559,1.057410e+67,7.804077e+65,5.90,116.25,0.073804,0.2196,21.96,1.7138e+65,6.090293e+65,9.517862e+65,9.07,20.00,60.0,9.0
NGC5005,3.493575e+67,9.009310e+66,4.42,318.53,0.257882,0.2196,21.96,1.9785e+66,7.030855e+66,1.098776e+67,9.07,20.00,60.0,16.9
NGC5033,2.136234e+68,5.106962e+66,3.80,291.56,0.023906,0.2196,21.96,1.1215e+66,3.985467e+66,6.228457e+66,9.07,20.00,60.0,15.7
NGC5055,2.163800e+68,9.981265e+66,5.75,276.58,0.046128,0.2196,21.96,2.1919e+66,7.789368e+66,1.217316e+67,9.07,20.00,60.0,9.9
NGC5371,2.948357e+68,8.164306e+67,14.48,301.06,0.276910,0.2196,21.96,1.7929e+67,6.371415e+67,9.957198e+67,9.07,20.00,60.0,39.7
NGC5585,1.224727e+66,5.238037e+64,4.11,60.12,0.042769,0.2196,21.96,1.1503e+64,4.087758e+64,6.388316e+64,9.07,20.00,60.0,7.06
NGC5907,3.542426e+68,1.693895e+67,10.07,227.06,0.047817,0.2196,21.96,3.7198e+66,1.321914e+67,2.065876e+67,9.07,20.00,60.0,17.3
NGC5985,3.981985e+68,2.574638e+67,12.56,225.31,0.064657,0.2196,21.96,5.6539e+66,2.009245e+67,3.140032e+67,9.07,20.00,60.0,39.7
NGC6015,4.281481e+67,1.019964e+66,4.60,150.04,0.023823,0.2196,21.96,2.2399e+65,7.959789e+65,1.243949e+66,9.07,20.00,60.0,17.0
NGC6195,2.819222e+68,4.592695e+67,11.36,292.17,0.162906,0.2196,21.96,1.0086e+67,3.584134e+67,5.601257e+67,9.07,20.00,60.0,127.8
NGC6503,1.198491e+67,2.167791e+65,2.28,142.97,0.018088,0.2196,21.96,4.7605e+64,1.691741e+65,2.643840e+65,9.07,20.00,60.0,6.26
NGC6674,1.060349e+69,3.356157e+67,12.54,246.38,0.031651,0.2196,21.96,7.3702e+66,2.619141e+67,4.093173e+67,9.07,20.00,60.0,51.2
NGC6789,1.585014e+63,4.656418e+61,0.51,23.24,0.029378,0.2196,21.96,1.0226e+61,3.633863e+61,5.678973e+61,9.07,20.00,60.0,3.52
NGC6946,2.168843e+67,2.717306e+66,4.77,203.03,0.125288,0.2196,21.96,5.9672e+65,2.120582e+66,3.314030e+66,9.07,20.00,60.0,5.52
NGC7331,2.536232e+68,1.837628e+67,4.81,381.82,0.072455,0.2196,21.96,4.0355e+66,1.434083e+67,2.241173e+67,9.07,20.00,60.0,14.7
NGC7793,6.616261e+65,8.020696e+64,2.45,97.83,0.121227,0.2196,21.96,1.7614e+64,6.259342e+64,9.782050e+64,9.07,20.00,60.0,3.61
NGC7814,5.333981e+67,2.334107e+66,2.79,275.95,0.043759,0.2196,21.96,5.1257e+65,1.821534e+66,2.846679e+66,9.07,20.00,60.0,14.4
PGC51017,1.152318e+63,5.100108e+62,1.65,23.59,0.442596,0.2196,21.96,1.1200e+62,3.980118e+62,6.220097e+62,9.07,20.00,60.0,13.6
UGC00128,8.051793e+67,1.249631e+66,18.71,63.01,0.015520,0.2196,21.96,2.7442e+65,9.752109e+65,1.524052e+66,9.07,20.00,60.0,64.5
UGC00191,8.378686e+65,3.889408e+64,4.97,47.96,0.046420,0.2196,21.96,8.5412e+63,3.035289e+64,4.743526e+64,9.07,20.00,60.0,17.1
UGC00634,5.749876e+66,1.660802e+65,9.01,52.34,0.028884,0.2196,21.96,3.6471e+64,1.296088e+65,2.025516e+65,9.07,20.00,60.0,30.9
UGC00731,6.854700e+65,2.827614e+64,7.28,33.44,0.041251,0.2196,21.96,6.2095e+63,2.206667e+64,3.448562e+64,9.07,20.00,60.0,12.5
UGC00891,2.018994e+65,7.441060e+63,4.45,29.75,0.036855,0.2196,21.96,1.6341e+63,5.806994e+63,9.075125e+63,9.07,20.00,60.0,10.2
UGC01230,2.081874e+67,7.152372e+65,14.85,61.03,0.034355,0.2196,21.96,1.5707e+65,5.581703e+65,8.723042e+65,9.07,20.00,60.0,53.7
UGC01281,6.545511e+64,2.322637e+63,3.07,25.85,0.035484,0.2196,21.96,5.1005e+62,1.812583e+63,2.832691e+63,9.07,20.00,60.0,5.27
UGC02023,4.144968e+64,8.203043e+63,3.03,39.71,0.197904,0.2196,21.96,1.8014e+63,6.401645e+63,1.000444e+64,9.07,20.00,60.0,10.4
UGC02259,6.892583e+65,2.348775e+64,4.07,46.32,0.034077,0.2196,21.96,5.1579e+63,1.832981e+64,2.864569e+64,9.07,20.00,60.0,10.5
UGC02455,5.260236e+64,2.717821e+64,2.01,77.83,0.516673,0.2196,21.96,5.9684e+63,2.120984e+64,3.314657e+64,9.07,20.00,60.0,6.92
UGC02487,3.404351e+69,1.090002e+68,15.07,322.80,0.032018,0.2196,21.96,2.3937e+67,8.506364e+67,1.329368e+68,9.07,20.00,60.0,69.1
UGC02885,2.071758e+69,9.742876e+67,19.49,261.95,0.047027,0.2196,21.96,2.1395e+67,7.603329e+67,1.188242e+68,9.07,20.00,60.0,80.6
UGC02916,1.221824e+68,9.371544e+66,7.39,229.11,0.076701,0.2196,21.96,2.0580e+66,7.313542e+66,1.142955e+67,9.07,20.00,60.0,65.4
UGC02953,1.117744e+69,1.958168e+67,6.00,336.55,0.017519,0.2196,21.96,4.3002e+66,1.528152e+67,2.388183e+67,9.07,20.00,60.0,16.5
UGC03205,2.435913e+68,6.478974e+66,6.08,230.73,0.026598,0.2196,21.96,1.4228e+66,5.056184e+66,7.901765e+66,9.07,20.00,60.0,50.0
UGC03546,8.764663e+67,4.897174e+66,4.17,270.24,0.055874,0.2196,21.96,1.0754e+66,3.821749e+66,5.972599e+66,9.07,20.00,60.0,28.7
UGC03580,1.992169e+67,3.464280e+65,4.52,105.92,0.017389,0.2196,21.96,7.6076e+64,2.703520e+65,4.225040e+65,9.07,20.00,60.0,20.7
UGC04278,5.103896e+65,3.569468e+64,5.68,42.64,0.069936,0.2196,21.96,7.8386e+63,2.785609e+64,4.353327e+64,9.07,20.00,60.0,9.51
UGC04305,1.562520e+64,7.318489e+63,3.01,38.40,0.468377,0.2196,21.96,1.6071e+63,5.711340e+63,8.925637e+63,9.07,20.00,60.0,3.45
UGC04325,3.415801e+65,2.985135e+64,3.49,55.59,0.087392,0.2196,21.96,6.5554e+63,2.329596e+64,3.640674e+64,9.07,20.00,60.0,9.6
UGC04483,2.960891e+62,2.092234e+61,0.73,14.01,0.070662,0.2196,21.96,4.5946e+60,1.632777e+61,2.551691e+61,9.07,20.00,60.0,3.34
UGC04499,3.916325e+65,2.704432e+64,4.55,45.07,0.069055,0.2196,21.96,5.9390e+63,2.110536e+64,3.298329e+64,9.07,20.00,60.0,12.5
UGC05005,1.136743e+67,5.390003e+65,17.97,48.91,0.047416,0.2196,21.96,1.1837e+65,4.206352e+65,6.573654e+65,9.07,20.00,60.0,53.7
UGC05253,4.198233e+68,1.165379e+67,6.47,269.21,0.027759,0.2196,21.96,2.5592e+66,9.094601e+66,1.421297e+67,9.07,20.00,60.0,22.9
UGC05414,5.579489e+64,6.369559e+63,2.74,39.03,0.114160,0.2196,21.96,1.3988e+63,4.970797e+63,7.768322e+63,9.07,20.00,60.0,9.4
UGC05716,9.101372e+65,2.472321e+64,7.23,32.12,0.027164,0.2196,21.96,5.4292e+63,1.929396e+64,3.015245e+64,9.07,20.00,60.0,21.3
UGC05721,3.257068e+65,3.624865e+63,1.71,44.29,0.011129,0.2196,21.96,7.9602e+62,2.828841e+63,4.420890e+63,9.07,20.00,60.0,6.18
UGC05750,3.659393e+66,1.779251e+65,11.43,45.70,0.048621,0.2196,21.96,3.9073e+64,1.388526e+65,2.169977e+65,9.07,20.00,60.0,58.7
UGC05764,2.323402e+64,6.877527e+62,2.17,21.71,0.029601,0.2196,21.96,1.5103e+62,5.367214e+62,8.387839e+62,9.07,20.00,60.0,7.47
UGC05829,2.199551e+65,1.387596e+64,5.03,33.75,0.063085,0.2196,21.96,3.0472e+63,1.082879e+64,1.692314e+64,9.07,20.00,60.0,8.64
UGC05918,2.501240e+64,1.392051e+63,3.34,20.60,0.055654,0.2196,21.96,3.0570e+62,1.086355e+63,1.697747e+63,9.07,20.00,60.0,7.66
UGC05986,1.547876e+66,4.990058e+64,3.13,70.94,0.032238,0.2196,21.96,1.0958e+64,3.894236e+64,6.085881e+64,9.07,20.00,60.0,8.63
UGC05999,3.754113e+66,3.519184e+65,13.89,50.37,0.093742,0.2196,21.96,7.7282e+64,2.746367e+65,4.292001e+65,9.07,20.00,60.0,47.7
UGC06399,5.910950e+65,2.878335e+64,4.37,47.27,0.048695,0.2196,21.96,6.3209e+63,2.246249e+64,3.510420e+64,9.07,20.00,60.0,18.0
UGC06446,7.659580e+65,2.774860e+64,5.81,38.62,0.036227,0.2196,21.96,6.0936e+63,2.165497e+64,3.384222e+64,9.07,20.00,60.0,12.0
UGC06614,5.053901e+68,1.249251e+67,11.58,186.90,0.024719,0.2196,21.96,2.7434e+66,9.749138e+66,1.523588e+67,9.07,20.00,60.0,88.7
UGC06628,6.386743e+64,5.508687e+64,5.50,50.35,0.862519,0.2196,21.96,1.2097e+64,4.298973e+64,6.718400e+64,9.07,20.00,60.0,15.1
UGC06667,5.534615e+65,1.063178e+64,5.24,30.05,0.019210,0.2196,21.96,2.3348e+63,8.297029e+63,1.296653e+64,9.07,20.00,60.0,18.0
UGC06786,1.554130e+68,2.626968e+66,4.71,202.46,0.016903,0.2196,21.96,5.7689e+65,2.050083e+66,3.203854e+66,9.07,20.00,60.0,29.3
UGC06787,3.272492e+68,3.712815e+66,3.79,262.63,0.011346,0.2196,21.96,8.1534e+65,2.897476e+66,4.528153e+66,9.07,20.00,60.0,21.3
UGC06818,2.863092e+65,1.365199e+64,3.50,42.74,0.047683,0.2196,21.96,2.9980e+63,1.065400e+64,1.664998e+64,9.07,20.00,60.0,18.0
UGC06917,2.139282e+66,1.646672e+65,6.11,67.61,0.076973,0.2196,21.96,3.6161e+64,1.285061e+65,2.008284e+65,9.07,20.00,60.0,18.0
UGC06923,2.026598e+65,2.567347e+64,2.87,60.22,0.126683,0.2196,21.96,5.6379e+63,2.003554e+64,3.131139e+64,9.07,20.00,60.0,18.0
UGC06930,4.959252e+66,4.280086e+65,8.72,73.34,0.086305,0.2196,21.96,9.3991e+64,3.340174e+65,5.219998e+65,9.07,20.00,60.0,18.0
UGC06973,5.128171e+66,1.970340e+66,1.74,357.28,0.384219,0.2196,21.96,4.3269e+65,1.537651e+66,2.403029e+66,9.07,20.00,60.0,18.0
UGC06983,4.543361e+66,1.568942e+65,6.98,60.88,0.034533,0.2196,21.96,3.4454e+64,1.224401e+65,1.913484e+65,9.07,20.00,60.0,18.0
UGC07089,5.925514e+65,6.148135e+64,5.24,53.94,0.103757,0.2196,21.96,1.3501e+64,4.797997e+64,7.498272e+64,9.07,20.00,60.0,18.0
UGC07125,1.361111e+66,1.268012e+65,10.08,44.39,0.093160,0.2196,21.96,2.7846e+64,9.895552e+64,1.546469e+65,9.07,20.00,60.0,19.8
UGC07151,1.909835e+65,2.295342e+64,3.49,50.92,0.120185,0.2196,21.96,5.0406e+63,1.791282e+64,2.799401e+64,9.07,20.00,60.0,6.87
UGC07232,8.173186e+62,1.154848e+62,0.62,27.61,0.141297,0.2196,21.96,2.5361e+61,9.012423e+61,1.408454e+62,9.07,20.00,60.0,2.83
UGC07261,2.797765e+65,1.592197e+64,2.86,51.48,0.056910,0.2196,21.96,3.4965e+63,1.242549e+64,1.941845e+64,9.07,20.00,60.0,13.1
UGC07323,3.031607e+65,5.522649e+64,4.07,61.59,0.182169,0.2196,21.96,1.2128e+64,4.309869e+64,6.735430e+64,9.07,20.00,60.0,8.0
UGC07399,6.386225e+65,9.481595e+63,3.07,41.31,0.014847,0.2196,21.96,2.0822e+63,7.399425e+63,1.156376e+64,9.07,20.00,60.0,8.43
UGC07524,8.039746e+65,7.042742e+64,7.58,44.12,0.087599,0.2196,21.96,1.5466e+64,5.496147e+64,8.589336e+64,9.07,20.00,60.0,4.74
UGC07559,3.021077e+63,3.983390e+62,1.80,20.50,0.131853,0.2196,21.96,8.7476e+61,3.108633e+62,4.858147e+62,9.07,20.00,60.0,4.97
UGC07577,2.298471e+62,5.096098e+61,1.13,14.09,0.221717,0.2196,21.96,1.1191e+61,3.976989e+61,6.215207e+61,9.07,20.00,60.0,2.59
UGC07603,6.318721e+64,9.775412e+62,1.37,33.17,0.015471,0.2196,21.96,2.1467e+62,7.628720e+62,1.192210e+63,9.07,20.00,60.0,4.7
UGC07608,1.085078e+65,2.701686e+63,3.59,24.49,0.024899,0.2196,21.96,5.9329e+62,2.108393e+63,3.294979e+63,9.07,20.00,60.0,8.21
UGC07690,4.251490e+64,4.908594e+63,1.77,47.89,0.115456,0.2196,21.96,1.0779e+63,3.830661e+63,5.986527e+63,9.07,20.00,60.0,8.11
UGC07866,2.785259e+63,3.381542e+62,1.67,20.41,0.121409,0.2196,21.96,7.4259e+61,2.638952e+62,4.124133e+62,9.07,20.00,60.0,4.57
UGC08286,5.525867e+65,1.179422e+64,3.30,42.34,0.021344,0.2196,21.96,2.5900e+63,9.204192e+63,1.438424e+64,9.07,20.00,60.0,6.5
UGC08490,6.869465e+65,8.255931e+63,2.37,46.88,0.012018,0.2196,21.96,1.8130e+63,6.442919e+63,1.006894e+64,9.07,20.00,60.0,4.65
UGC08550,7.793612e+64,2.365045e+63,3.41,24.25,0.030346,0.2196,21.96,5.1937e+62,1.845679e+63,2.884412e+63,9.07,20.00,60.0,6.7
UGC08699,5.775973e+67,2.125888e+66,5.87,162.91,0.036806,0.2196,21.96,4.6685e+65,1.659040e+66,2.592735e+66,9.07,20.00,60.0,39.3
UGC08837,2.783735e+64,4.939029e+63,3.15,32.67,0.177425,0.2196,21.96,1.0846e+63,3.854413e+63,6.023646e+63,9.07,20.00,60.0,7.21
UGC09037,3.917516e+67,4.228689e+66,8.51,159.95,0.107943,0.2196,21.96,9.2863e+65,3.300064e+66,5.157314e+66,9.07,20.00,60.0,83.6
UGC09133,2.010246e+69,2.779565e+67,7.57,323.94,0.013827,0.2196,21.96,6.1040e+66,2.169169e+67,3.389960e+67,9.07,20.00,60.0,57.1
UGC09992,8.713391e+63,1.561676e+63,2.34,27.14,0.179227,0.2196,21.96,3.4295e+62,1.218730e+63,1.904621e+63,9.07,20.00,60.0,10.7
UGC10310,3.352902e+65,4.623025e+64,5.52,47.37,0.137881,0.2196,21.96,1.0152e+64,3.607803e+64,5.638246e+64,9.07,20.00,60.0,15.2
UGC11455,4.721721e+68,5.361745e+67,11.05,313.37,0.113555,0.2196,21.96,1.1774e+67,4.184299e+67,6.539190e+67,9.07,20.00,60.0,78.6
UGC11557,9.600716e+65,3.093341e+65,5.28,91.96,0.322199,0.2196,21.96,6.7930e+64,2.414040e+65,3.772643e+65,9.07,20.00,60.0,24.2
UGC11820,2.150887e+66,1.138749e+65,10.52,41.62,0.052943,0.2196,21.96,2.5007e+64,8.886788e+64,1.388820e+65,9.07,20.00,60.0,18.1
UGC11914,3.912120e+67,4.897110e+66,3.28,317.15,0.125178,0.2196,21.96,1.0754e+66,3.821699e+66,5.972521e+66,9.07,20.00,60.0,16.9
UGC12506,4.061809e+68,2.567288e+67,17.21,182.46,0.063206,0.2196,21.96,5.6378e+66,2.003509e+67,3.131068e+67,9.07,20.00,60.0,100.6
UGC12632,6.333914e+65,3.684909e+64,7.11,37.10,0.058177,0.2196,21.96,8.0921e+63,2.875699e+64,4.494119e+64,9.07,20.00,60.0,9.77
UGC12732,3.185116e+66,1.315176e+65,11.50,41.15,0.041291,0.2196,21.96,2.8881e+64,1.026362e+65,1.603990e+65,9.07,20.00,60.0,13.2
UGCA281,4.272865e+62,3.398677e+61,0.58,19.20,0.079541,0.2196,21.96,7.4635e+60,2.652323e+61,4.145030e+61,9.07,20.00,60.0,5.68
UGCA442,1.031237e+65,2.213415e+63,2.96,26.06,0.021464,0.2196,21.96,4.8607e+62,1.727346e+63,2.699483e+63,9.07,20.00,60.0,4.35
UGCA444,5.503064e+63,1.000159e+62,1.33,15.82,0.018175,0.2196,21.96,2.1964e+61,7.805233e+61,1.219796e+62,9.07,20.00,60.0,0.98
