galaxy_name,distance_mpc,r_max_kpc,v_max_km_s,J,log10_J,k_fitted,log10_k_fitted,mean_error_pct,omega_lt_max_rad_s,log10_omega_lt,cumul_precession_rad,cumul_precession_rotations,v_boost_max_km_s,relative_boost_pct,T_orb_Gyr,n_orbits_10Gyr,precession_per_orbit_rad,k_theory,log10_k_theory,k_ratio_theory_to_fitted,log10_k_ratio
CamB,3.36,1.79,20.1,3.713e+62,62.57,1e-42,-42.0,57.809999999999995,1.6335099492477368e-24,-23.78687821601546,5.154965357438038e-07,8.204382181037428e-08,9.023410949047543e-08,4.489259178630618e-07,5.4717821276128795,18.275581459166396,2.8206847311292996e-08,2.004830262142153e-46,-45.697922390792186,0.00020048302621421529,-3.6979223907921863
D512-2,15.2,3.83,35.9,9.685e+63,63.99,1e-36,-36.0,28.68,4.3496992615443916e-24,-23.36154076915268,1.372660694161133e-06,2.1846573466369667e-07,5.141074845791254e-07,1.4320542745936642e-06,6.555052108277531,15.255408858416684,8.997862377210633e-08,4.908018064919719e-47,-46.30909384743637,4.9080180649197195e-11,-10.309093847436372
D564-8,8.79,3.07,25.0,2.101e+63,63.32,1e-36,-36.0,37.15,1.8321745813672272e-24,-23.737033146327548,5.781903256895441e-07,9.202184838140383e-08,1.735805862736474e-07,6.943223450945896e-07,7.545190161980068,13.253476433754615,4.3625559571447997e-08,1.0709912553373915e-46,-45.97021407517582,1.0709912553373916e-10,-9.970214075175821
D631-7,7.72,7.19,57.3,1.388e+65,65.14,1e-42,-42.0,42.43,9.422338941329652e-24,-23.02584127733175,2.9734640337490463e-06,4.73241499077127e-07,2.0906606002546236e-06,3.6486223390133047e-06,7.709852889335614,12.970416094232036,2.2924970271935612e-07,1.7240639535323486e-47,-46.76344662821488,1.7240639535323487e-05,-4.763446628214876
DDO064,6.8,2.98,46.9,1.307e+64,64.12,1e-36,-36.0,30.14,1.2461855841842879e-23,-22.90441727695016,3.932662619145408e-06,6.259026953497115e-07,1.1460271564122282e-06,2.443554704503685e-06,3.9040488604037633,25.614433521628065,1.535330701662711e-07,3.0689603630102293e-47,-46.51300872063859,3.0689603630102295e-11,-10.513008720638592
DDO154,4.04,5.92,45.5,4.711e+64,64.67,1e-36,-36.0,44.0,5.729330978186849e-24,-23.241896088232465,1.8080393527722932e-06,2.877584002983816e-07,1.0466983516021294e-06,2.3004359375870974e-06,7.994331130565557,12.508863889520363,1.4454065283155147e-07,2.8112785884328815e-47,-46.55109611510971,2.8112785884328817e-11,-10.551096115109706
DDO161,7.5,13.37,66.1,7.367e+65,65.87,1e-40,-40.0,28.58,7.777721278542833e-24,-23.109147624233007,2.454462170197433e-06,3.9063978701898236e-07,3.209073799628471e-06,4.854877155262437e-06,12.42801505783773,8.046337209491469,3.050409281010677e-07,1.218987488504232e-47,-46.91400075188896,1.218987488504232e-07,-6.914000751888966
DDO168,4.25,4.12,52.0,3.406e+64,64.53,1e-38,-38.0,32.769999999999996,1.2288784354519706e-23,-22.91049107677476,3.87804541146191e-06,6.172100967690062e-07,1.56243536694357e-06,3.004683397968404e-06,4.868169548258249,20.541601727034823,1.8878982578841508e-07,2.301326229837044e-47,-46.63802181254582,2.3013262298370437e-09,-8.638021812545825
DDO170,15.4,12.33,62.2,5.22e+65,65.72,1e-36,-36.0,39.89,7.026470073830702e-24,-23.15326279908687,2.2173853200191974e-06,3.529078344204595e-07,2.6735985636788627e-06,4.298389973760229e-06,12.179922219122698,8.210233054115747,2.700758072765832e-07,1.385188032558485e-47,-46.858491269227876,1.3851880325584852e-11,-10.858491269227878
ESO079-G014,28.7,16.67,178.0,2.236e+67,67.35,1e-40,-40.0,17.91,1.2179260719058915e-22,-21.91437907257157,3.843482380677736e-05,6.117092195714675e-06,6.265452603121936e-05,3.519917192765133e-05,5.754232697736693,17.378511654444022,2.21162919880707e-06,1.6573885329694962e-48,-47.78057567024995,1.6573885329694965e-08,-7.7805756702499504
ESO116-G012,13.0,9.86,112.0,1.949e+66,66.29,1e-38,-38.0,27.87,5.1302321974648867e-23,-22.289862978007953,1.618978155947179e-05,2.5766837627679493e-06,1.5610250009517366e-05,1.3937723222783363e-05,5.409171053187781,18.487121042524087,8.757329776892813e-07,4.355732803577312e-48,-47.3609387692953,4.3557328035773117e-10,-9.360938769295304
ESO444-G084,4.83,4.44,62.7,6.934e+64,64.84,1e-36,-36.0,41.75,1.9988990181968495e-23,-22.699209145325423,6.30804556566489e-06,1.0039566330244784e-06,2.7388594523490327e-06,4.368196893698616e-06,4.350981655989629,22.983319146459387,2.744619054135466e-07,1.558379181103087e-47,-46.807326862308656,1.558379181103087e-11,-10.80732686230866
ESO563-G021,60.8,42.41,312.0,7.795e+68,68.89,1e-42,-42.0,31.490000000000002,2.5785005586983407e-22,-21.588632770156206,8.137128923117875e-05,1.295064290690241e-05,0.0003374670880309079,0.0001081625282150346,8.351904148124285,11.973317488618271,6.796052080681029e-06,5.204644131452352e-49,-48.283608960107365,5.204644131452351e-07,-6.283608960107366
F561-1,66.4,9.66,50.4,1.705e+65,65.23,1e-42,-42.0,9.94,4.7725329092915334e-24,-23.321251068219905,1.506096845382585e-06,2.397027577177484e-07,1.4227283315099167e-06,2.8228736736307873e-06,11.776559020462917,8.491444727296,1.7736638390181026e-07,2.1549098452746692e-47,-46.66657089465348,2.154909845274669e-05,-4.666570894653482
F563-1,48.9,20.1,106.0,6.866e+66,66.84,1e-38,-38.0,54.98,2.1333963834024735e-23,-22.670928445473674,6.73248697088619e-06,1.0715085807183185e-06,1.3233159090751867e-05,1.2484112349765912e-05,11.650968153140507,8.58297771357697,7.84399912892284e-07,4.6267074886476255e-48,-47.33472795675294,4.626707488647626e-10,-9.334727956752946
F563-V1,54.0,7.87,27.3,1.798e+64,64.25,1e-42,-42.0,5.7,9.307250824220984e-25,-24.031178581981923,2.937144986104361e-07,4.6746114311608536e-08,2.2604352546270668e-07,8.279982617681563e-07,17.71266497678799,5.645677831712367,5.202466512711917e-08,7.512066294677018e-47,-46.12424058803622,7.512066294677018e-05,-4.124240588036226
F563-V2,59.7,10.47,118.0,2.57e+66,66.41,1e-38,-38.0,51.32,5.650007261620418e-23,-22.247950994007173,1.7830066915931252e-05,2.8377432853297243e-06,1.8255410762600563e-05,1.547068708694963e-05,5.451757094071337,18.34271011611059,9.720519379669485e-07,3.902093535302107e-48,-47.40870232454204,3.902093535302107e-10,-9.40870232454204
F565-V2,51.8,8.8,83.1,6.341e+65,65.8,1e-38,-38.0,52.78,2.3478246847800868e-23,-22.629334335565485,7.409171227241607e-06,1.1792062250297464e-06,6.375940539963587e-06,7.67261196144836e-06,6.5065904492276685,15.369032487955344,4.820844274386269e-07,8.004693437632908e-48,-47.09665529596127,8.004693437632909e-10,-9.096655295961272
F567-2,79.0,9.59,52.2,1.867e+65,65.27,1e-38,-38.0,20.49,5.341268673244175e-24,-23.27235557586485,1.6855762028277037e-06,2.6826778463809624e-07,1.580734576548063e-06,3.0282271581380517e-06,11.288076062592639,8.85890557837294,1.9026912386815198e-07,2.0102221492097126e-47,-46.696755946139284,2.010222149209713e-09,-8.696755946139287
F568-1,90.7,13.23,142.0,7.151e+66,66.85,1e-40,-40.0,50.49,7.791896464376563e-23,-22.108356826823574,2.4589355186420983e-05,3.913517425361233e-06,3.1812583463034424e-05,2.2403227790869313e-05,5.724575964754112,17.468542755951585,1.4076363168898743e-06,2.643614815778684e-48,-47.577801822850596,2.6436148157786843e-08,-7.577801822850595
F568-3,82.4,17.98,120.0,7.971e+66,66.9,1e-42,-42.0,34.53,3.4601878325338444e-23,-22.460900325363628,1.0919522354397004e-05,1.7378959589047342e-06,1.91992950928566e-05,1.59994125773805e-05,9.206197008170575,10.862248538810237,1.0052727402970142e-06,3.6308466524188514e-48,-47.43999209298043,3.6308466524188513e-06,-5.4399920929804315
F568-V1,80.6,17.63,118.0,7.287e+66,66.86,1e-38,-38.0,52.26,3.3554267334001323e-23,-22.474252239675113,1.0588921468194802e-05,1.6852791936750927e-06,1.825559508341796e-05,1.5470843291032168e-05,9.179988306444859,10.893260063282922,9.72061752558912e-07,3.758931247119345e-48,-47.42493561769394,3.7589312471193455e-10,-9.424935617693942
F571-8,53.3,15.55,144.0,1.03e+67,67.01,1e-42,-42.0,61.309999999999995,6.911972034093445e-23,-22.160398027685336,2.181252486631073e-05,3.4715711537882364e-06,3.316868755916525e-05,2.3033810804975864e-05,6.634981622036173,15.071631798930524,1.447257016181787e-06,2.54337780584585e-48,-47.59458912279443,2.5433778058458496e-06,-5.594589122794432
F571-V1,80.1,13.59,83.9,1.556e+66,66.19,1e-38,-38.0,39.98,1.5642535532151035e-23,-22.80569284984575,4.936408793094095e-06,7.856538605432224e-07,6.560282306236439e-06,7.81916842221268e-06,9.952434290600053,10.047793040386985,4.91292841448093e-07,7.559792769975617e-48,-47.12149010927255,7.559792769975618e-10,-9.12149010927255
F574-1,96.8,12.6,99.7,2.245e+66,66.35,1e-40,-40.0,39.28,2.831787352058237e-23,-22.547939362315287,8.936441254131302e-06,1.4222787992453333e-06,1.1011008668249166e-05,1.1044141091523738e-05,7.7651028036020815,12.878129566245013,6.939238503668027e-07,5.382164168475383e-48,-47.26904305938245,5.3821641684753834e-08,-7.26904305938245
F574-2,89.1,10.83,40.0,1.071e+65,65.03,1e-42,-42.0,32.7,2.127453265937394e-24,-23.672139971346045,6.71373191851459e-07,1.068523621425431e-07,7.11024240331347e-07,1.7775606008283675e-06,16.635669677166966,6.011179708458234,1.1168742649746116e-07,3.3858356743509024e-47,-46.47033412344339,3.385835674350902e-05,-4.470334123443391
F579-V1,89.5,15.16,114.0,4.859e+66,66.69,1e-38,-38.0,33.89,3.518886206465698e-23,-22.453594777127037,1.110476033491619e-05,1.7673774991527228e-06,1.6462672775060166e-05,1.4440941030754531e-05,8.170829965685027,12.238658792309868,9.07351085062837e-07,4.0632823720157544e-48,-47.391122995948976,4.0632823720157545e-10,-9.391122995948976
F583-1,35.4,16.26,85.8,2.383e+66,66.38,1e-40,-40.0,49.69,1.398679940121009e-23,-22.854281653729632,4.413898207836275e-06,7.024937180816012e-07,7.018346556017044e-06,8.179891090928956e-06,11.644077207219647,8.588057105804594,5.139577151685402e-07,7.142443447773882e-48,-47.14615318957553,7.142443447773883e-08,-7.146153189575527
F583-4,53.3,7.29,69.9,2.59e+65,65.41,1e-38,-38.0,31.47,1.6868369546601606e-23,-22.77292689317461,5.3232525880383485e-06,8.47221962713028e-07,3.794866975877235e-06,5.428994243028949e-06,6.407995167693573,15.605504901776158,3.411137686056205e-07,1.1566124513869193e-47,-46.936812136656734,1.1566124513869194e-09,-8.936812136656734
IC2574,3.91,10.23,67.5,4.593e+65,65.66,1e-38,-38.0,33.11,1.0824939355324131e-23,-22.965574528020497,3.416091061995768e-06,5.436877785686688e-07,3.4174095396092467e-06,5.0628289475692545e-06,9.312015364586332,10.738813896323753,3.181069245613063e-07,1.1949295679813426e-47,-46.92265769232129,1.1949295679813427e-09,-8.922657692321287
IC4202,100.4,25.9,247.0,1.442e+68,68.16,1e-42,-42.0,21.560000000000002,2.0942180374419347e-22,-21.678978104162283,6.60884951383776e-05,1.0518310682777488e-05,0.00016738540276583648,6.77673695408245e-05,6.442799759830795,15.521202540466083,4.257949406051179e-06,8.430922224669506e-49,-48.074124917050376,8.430922224669505e-07,-6.074124917050375
KK98-251,6.8,3.13,34.2,5.592e+63,63.75,1e-38,-38.0,28.63,4.601400949778682e-24,-23.33710992220366,1.4520917061273574e-06,2.3110757285291278e-07,4.444576002608325e-07,1.2995836264936624e-06,5.623284475064674,17.783201337835553,8.165524747436143e-08,5.691250870252085e-47,-46.24479227027556,5.6912508702520855e-09,-8.244792270275557
NGC0024,7.3,11.27,110.0,2.412e+66,66.38,1e-38,-38.0,30.69,4.251688936634004e-23,-22.371438516972145,1.3417309878672124e-05,2.1354311901863873e-06,1.4787042489876007e-05,1.3442765899887278e-05,6.295106094574723,15.885355782356465,8.446338919002653e-07,4.461735734097325e-48,-47.35049615628931,4.4617357340973253e-10,-9.350496156289312
NGC0055,2.11,13.5,86.5,1.683e+66,66.23,1e-40,-40.0,24.57,1.7259918401032686e-23,-22.762961261811135,5.446816009324291e-06,8.66887691996032e-07,7.190654605054228e-06,8.312895497172518e-06,9.589356930459877,10.42822795367617,5.22314628479537e-07,7.114159521373313e-48,-47.14787640082083,7.114159521373314e-08,-7.1478764008208255
NGC0100,13.5,9.62,91.2,1.002e+66,66.0,1e-42,-42.0,29.160000000000004,2.839869824758941e-23,-22.546701566884153,8.961947598181276e-06,1.426338259981089e-06,8.43081242459626e-06,9.244311869074848e-06,6.481149758401217,15.429361105315394,5.808372451075694e-07,6.582997317752128e-48,-47.18157632186154,6.582997317752128e-06,-5.1815763218615425
NGC0247,3.7,14.54,107.0,3.696e+66,66.57,1e-38,-38.0,32.58,3.033853954877949e-23,-22.51800532932293,9.574114956645636e-06,1.5237677210802003e-06,1.3613036185111373e-05,1.2722463724403152e-05,8.349345867088052,11.976986172555858,7.993759714429515e-07,4.624694231286318e-48,-47.33491697601791,4.624694231286318e-10,-9.334916976017904
NGC0289,20.8,71.12,165.0,3.242e+68,68.51,1e-42,-42.0,29.84,2.2740169333962417e-23,-22.643206305675914,7.176251677734523e-06,1.1421359273829565e-06,4.990928681594923e-05,3.0248052615726808e-05,26.483758973448943,3.775899036849494,1.900541197659297e-06,1.8436356754322678e-48,-47.73432489661311,1.8436356754322677e-06,-5.7343248966131135
NGC0300,2.08,11.8,93.5,1.624e+66,66.21,1e-38,-38.0,37.65,2.493997022682205e-23,-22.603104069315158,7.870456044299596e-06,1.2526219838377659e-06,9.081840278156797e-06,9.713198158456468e-06,7.754293221564981,12.896081840430826,6.10298239549375e-07,6.151362845793622e-48,-47.21102865482013,6.151362845793622e-10,-9.211028654820135
NGC0801,80.7,59.82,216.0,5.146e+68,68.71,1e-42,-42.0,17.8,6.065777607023269e-23,-22.21711351651351,1.914213834113975e-05,3.046565938341285e-06,0.0001119769963571279,5.1841202017188846e-05,17.01627441072685,5.876727042963131,3.2572787882092966e-06,1.0785546891961994e-48,-47.96715782866625,1.0785546891961993e-06,-5.967157828666254
NGC0891,9.91,17.11,208.0,3.759e+67,67.58,1e-42,-42.0,23.599999999999998,1.8935563109716566e-22,-21.72272177521143,5.975609263911915e-05,9.510477523373034e-06,9.99825378115175e-05,4.806852779399879e-05,5.054270689969578,19.785248185945875,3.020234675730068e-06,1.2118399276639226e-48,-47.91655474248279,1.2118399276639225e-06,-5.91655474248279
NGC1003,11.4,30.24,115.0,1.985e+67,67.3,1e-38,-38.0,40.589999999999996,1.8112194710711304e-23,-22.742028921690313,5.7157739580274305e-06,9.096936790159931e-07,1.690241602208194e-05,1.4697753062679945e-05,16.15681564213831,6.189338432456439,9.234870609198439e-07,3.8661668430086814e-48,-47.412719408084364,3.8661668430086816e-10,-9.412719408084362
NGC1090,37.0,30.09,160.0,5.292e+67,67.72,1e-42,-42.0,20.41,4.901276461120162e-23,-22.309690800006717,1.5467252204944564e-05,2.461689644465945e-06,4.5512145529481614e-05,2.844509095592601e-05,11.555108508447692,8.654180956145254,1.7872577755566125e-06,1.9979961058719302e-48,-47.699405362556476,1.99799610587193e-06,-5.699405362556473
NGC1705,5.73,6.0,71.5,1.878e+65,65.27,1e-36,-36.0,29.48,2.1938036993050545e-23,-22.658802235522778,6.923117962118919e-06,1.101848445279515e-06,4.062046929633239e-06,5.681184516969565e-06,5.156048947846336,19.394695630608716,3.569593508439932e-07,1.1359852790313039e-47,-46.944627296509594,1.1359852790313039e-11,-10.944627296509593
NGC2366,3.27,6.06,49.4,6.317e+64,64.8,1e-40,-40.0,30.64,7.162241028581261e-24,-23.14495106790643,2.26023137483556e-06,3.5972699583646993e-07,1.3394221543406272e-06,2.711380879232039e-06,7.5373294487595786,13.26729854119048,1.7036108502558417e-07,2.3766174804522935e-47,-46.624040712885694,2.3766174804522938e-07,-6.624040712885693
NGC2403,3.16,20.87,134.0,1.495e+67,67.17,1e-42,-42.0,21.07,4.149824908831943e-23,-22.381970226837854,1.3095851454295491e-05,2.084269492948314e-06,2.6726872628483766e-05,1.994542733468938e-05,9.569505000274928,10.449861303915618,1.2532081597473842e-06,2.8907343716305276e-48,-47.53899181363379,2.8907343716305275e-06,-5.538991813633794
NGC2683,9.81,34.62,151.0,5.888e+67,67.77,1e-38,-38.0,16.48,3.580490604249905e-23,-22.446057461590623,1.129916902926768e-05,1.798318603838804e-06,3.825300204432405e-05,2.5333113936638444e-05,14.0871110839652,7.098687545228918,1.5917264927179304e-06,2.2338484018376945e-48,-47.650946303234434,2.2338484018376945e-10,-9.650946303234436
NGC2841,14.1,63.64,294.0,1.469e+69,69.17,1e-38,-38.0,24.05,1.438093788861181e-22,-21.842212789435315,4.538278855136561e-05,7.222895129244113e-06,0.00028243161099956554,9.606517380937604e-05,13.300092565434964,7.51874466346841,6.035952886107247e-06,5.814588461525975e-49,-48.23548101785955,5.8145884615259754e-11,-10.235481017859549
NGC2903,6.6,24.96,180.0,5.185e+67,67.71,1e-42,-42.0,39.89,8.413388535979319e-23,-22.075029054608038,2.6550635006302097e-05,4.2256648034816945e-06,6.480543768699232e-05,3.600302093721796e-05,8.520084439152301,11.736972880276927,2.262136521668068e-06,1.5891909358863524e-48,-47.79882392065277,1.5891909358863524e-06,-5.798823920652772
NGC2915,4.06,10.04,86.5,9.309e+65,65.97,1e-38,-38.0,65.29,2.3209074338614052e-23,-22.63434218042511,7.3242268434824685e-06,1.1656869064665846e-06,7.190969622259882e-06,8.313259678913158e-06,7.13164026531979,14.022019658827519,5.223375106931564e-07,7.290038723869234e-48,-47.13727016475225,7.290038723869235e-10,-9.13727016475225
NGC2955,97.9,35.43,227.0,2.095e+68,68.32,1e-42,-42.0,14.37,1.188574744807397e-22,-21.92497350199916,3.750856636673391e-05,5.969673745556115e-06,0.00012995517310151144,5.724897493458654e-05,9.589967119593974,10.427564427794811,3.597059181600866e-06,9.878518116113855e-49,-48.00530819936618,9.878518116113855e-07,-6.005308199366184
NGC2976,3.58,2.27,85.3,4.564e+64,64.66,1e-42,-42.0,11.559999999999999,9.845187505530504e-23,-22.00677600813513,3.1069048922452945e-05,4.944792713172311e-06,6.896770441749241e-06,8.085311186106964e-06,1.635116304181711,61.15772911337014,5.080150844852203e-07,1.0127411806958274e-47,-46.99450153011605,1.0127411806958274e-05,-4.9945015301160485
NGC2998,68.1,42.28,203.0,2.134e+68,68.33,1e-40,-40.0,16.98,7.124352622322828e-23,-22.147254593119655,2.248274703142149e-05,3.5782403243353662e-06,9.295576026984034e-05,4.5791014911251395e-05,12.79707642883287,7.814284813888565,2.877134320912161e-06,1.2294722181719627e-48,-47.91028128037051,1.2294722181719627e-08,-7.910281280370512
NGC3109,1.33,6.45,67.3,1.81e+65,65.26,1e-38,-38.0,52.559999999999995,1.7019835516957487e-23,-22.769044641338557,5.371051613099376e-06,8.548294138264639e-07,3.3877472001438367e-06,5.033799703036905e-06,5.8886599146187075,16.981792368709925,3.162829633340644e-07,1.268357364393023e-47,-46.89675836513127,1.268357364393023e-09,-8.896758365131271
NGC3198,13.8,44.08,149.0,9.172e+67,67.96,1e-42,-42.0,25.430000000000003,2.702061417314732e-23,-22.568304783775226,8.527057338305138e-06,1.3571233254192827e-06,3.675637924113702e-05,2.466871090009196e-05,18.17720647640521,5.5013953948206655,1.5499808187451873e-06,2.2800159596079968e-48,-47.64206211302348,2.2800159596079966e-06,-5.642062113023481
NGC3521,7.7,17.74,206.0,3.926e+67,67.59,1e-42,-42.0,24.58,1.774374863559714e-22,-21.750954623525075,5.599501219427203e-05,8.91188297920935e-06,9.713928750548922e-05,4.71549939347035e-05,5.291249228104993,18.899128672457937,2.962835650506715e-06,1.2328269777914424e-48,-47.90909787057633,1.2328269777914424e-06,-5.909097870576331
NGC3726,18.0,32.52,167.0,7.028e+67,67.85,1e-42,-42.0,20.61,5.1562749785829056e-23,-22.287663930244772,1.627196632641279e-05,2.5897638746734647e-06,5.174668442686507e-05,3.098603857896112e-05,11.964812268017312,8.357841122781862,1.9469102232702834e-06,1.82967684710834e-48,-47.73762560748842,1.82967684710834e-06,-5.737625607488416
NGC3741,3.21,7.0,51.6,9.606e+64,64.98,1e-36,-36.0,48.05,7.066500433860942e-24,-23.150795610041765,2.2300179409161005e-06,3.549183784804076e-07,1.5265054237226409e-06,2.9583438444237222e-06,8.335279387587505,11.997198336136778,1.8587822576868305e-07,2.1338563638913178e-47,-46.67083481755862,2.133856363891318e-11,-10.670834817558625
NGC3769,18.0,37.16,113.0,2.843e+67,67.45,1e-42,-42.0,30.59,1.3979951715325542e-23,-22.85449432857631,4.411737242515573e-06,7.021497897689613e-07,1.60316158771826e-05,1.4187270687772212e-05,20.205475946151687,4.9491534011128255,8.914125073438997e-07,3.981051094026439e-48,-47.400002248512024,3.981051094026439e-06,-5.400002248512022
NGC3877,18.0,11.35,169.0,8.873e+66,66.95,1e-42,-42.0,26.279999999999998,1.531224342446489e-22,-21.814961175370424,4.832176530918932e-05,7.69064780788395e-06,5.363281694096496e-05,3.1735394639624236e-05,4.1264917380680455,24.233660539647254,1.993993653172328e-06,1.8888108121675588e-48,-47.723811539879314,1.8888108121675586e-06,-5.723811539879314
NGC3893,18.0,19.05,167.0,2.412e+67,67.38,1e-42,-42.0,17.36,8.803356535783202e-23,-22.05535170886874,2.7781280421363197e-05,4.421528104482046e-06,5.175343650325837e-05,3.099008173847807e-05,7.008907555526746,14.267558704087461,1.947164262474998e-06,1.8688232455263347e-48,-47.72843177252305,1.8688232455263346e-06,-5.728431772523051
NGC3917,18.0,14.86,137.0,8.102e+66,66.91,1e-42,-42.0,21.41,6.230052956798655e-23,-22.20550826172804,1.9660551918946924e-05,3.1290740218152513e-06,2.8569751929075445e-05,2.085383352487259e-05,6.6645382562010385,15.004790452955195,1.310285004018485e-06,2.817385635639153e-48,-47.550153703966465,2.817385635639153e-06,-5.550153703966468
NGC3949,18.0,7.07,169.0,3.443e+66,66.54,1e-42,-42.0,19.13,2.458299025612105e-22,-21.609365290987963,7.757801733065657e-05,1.2346924933442718e-05,5.3635217306785424e-05,3.1736814974429246e-05,2.570422606884677,38.90410850424276,1.994082895440109e-06,1.9864469772316126e-48,-47.70192302275715,1.9864469772316125e-06,-5.701923022757146
NGC3953,18.0,15.68,215.0,3.487e+67,67.54,1e-42,-42.0,8.19,2.282284075625271e-22,-21.641630299971222,7.202340794495204e-05,1.1462881392763206e-05,0.0001104362573477119,5.136570109195903e-05,4.481046198767043,22.316217143111565,3.227402183939754e-06,1.1399323626067215e-48,-47.94312091657416,1.1399323626067214e-06,-5.9431209165741565
NGC3972,18.0,8.72,134.0,2.611e+66,66.42,1e-42,-42.0,18.279999999999998,9.936040309474817e-23,-22.002786655276697,3.135575856702825e-05,4.990423970338591e-06,2.6737804984474263e-05,1.9953585809309153e-05,3.9983748731383506,25.010161171183366,1.2537207718259834e-06,3.081025586748644e-48,-47.511304695017174,3.0810255867486442e-06,-5.51130469501717
NGC3992,23.7,46.02,237.0,4.023e+68,68.6,1e-38,-38.0,13.88,1.0415164105880178e-22,-21.98233388272855,3.286775827877243e-05,5.231066198416198e-06,0.00014791378597429417,6.241088015793003e-05,11.930814444066119,8.381657469305104,3.921391252164519e-06,9.00353924405205e-49,-48.04558673811463,9.003539244052051e-11,-10.045586738114627
NGC4010,18.0,10.47,122.0,2.84e+66,66.45,1e-38,-38.0,15.24,6.243587791051357e-23,-22.204565777291428,1.970326460748823e-05,3.135871957329345e-06,2.017329438357416e-05,1.653548719965095e-05,5.273010959839491,18.96449689970756,1.0389553021990299e-06,3.650818832235088e-48,-47.43760971788916,3.6508188322350883e-10,-9.43760971788916
NGC4013,18.0,31.01,170.0,6.741e+67,67.83,1e-38,-38.0,18.15,5.703940100081158e-23,-22.243825043875127,1.8000266010232115e-05,2.8648313124974702e-06,5.458491572058526e-05,3.210877395328545e-05,11.207910850881486,8.922269397970375,2.0174537673483375e-06,1.7683040309208427e-48,-47.75244306307881,1.7683040309208428e-10,-9.75244306307881
NGC4051,18.0,12.19,153.0,7.594e+66,66.88,1e-42,-42.0,19.650000000000002,1.0578288411267138e-22,-21.975584596353308,3.338253943674039e-05,5.312996164317368e-06,3.9793765007310703e-05,2.600899673680438e-05,4.895353945761055,20.427532126985664,1.634193461511711e-06,2.2912876724977028e-48,-47.639920381463064,2.2912876724977027e-06,-5.639920381463062
NGC4068,4.37,2.33,41.9,5.698e+63,63.76,1e-42,-42.0,23.169999999999998,1.1366077409772247e-23,-22.944389390476537,3.5868612446662866e-06,5.708666972733877e-07,8.172641568567816e-07,1.9505111142166626e-06,3.4167540750455867,29.267543933101418,1.225542277433662e-07,4.159105965552621e-47,-46.38100001455487,4.159105965552621e-05,-4.381000014554874
NGC4085,18.0,6.2,136.0,1.38e+66,66.14,1e-42,-42.0,38.85,1.4610327317247741e-22,-21.835340054395463,4.610668653467773e-05,7.338107071582491e-06,2.795423146263645e-05,2.055458195782092e-05,2.8010741404170107,35.70059019755631,1.2914824735259898e-06,3.124244138524284e-48,-47.50525503629566,3.124244138524284e-06,-5.505255036295658
NGC4088,18.0,21.48,174.0,3.468e+67,67.54,1e-42,-42.0,28.449999999999996,8.829420192802239e-23,-22.05406781458032,2.7863531067637593e-05,4.434618701409119e-06,5.8527824855793604e-05,3.363668095160552e-05,7.585022121725442,13.183877172035457,2.1134549953741527e-06,1.711831729682189e-48,-47.76653892801292,1.711831729682189e-06,-5.766538928012921
NGC4100,18.0,22.76,159.0,2.971e+67,67.47,1e-38,-38.0,14.149999999999999,6.358311583661308e-23,-22.196658193667375,2.006530536325501e-05,3.1934925332103533e-06,4.465910196937894e-05,2.8087485515332667e-05,8.79522504694786,11.36980571460218,1.7647887630555768e-06,2.0447933761354843e-48,-47.689350570364645,2.0447933761354845e-10,-9.689350570364645
NGC4138,18.0,18.58,150.0,1.663e+67,67.22,1e-38,-38.0,16.74,6.542007654614528e-23,-22.18428895205529,2.0645006076126344e-05,3.2857547671777218e-06,3.751048498593692e-05,2.500698999062461e-05,7.610729273050469,13.139345312688915,1.5712355208587957e-06,2.3189494777890894e-48,-47.63470871309398,2.3189494777890894e-10,-9.634708713093978
NGC4157,18.0,29.61,185.0,7.921e+67,67.9,1e-42,-42.0,20.69,7.698758894038861e-23,-22.113579281180012,2.4295435367452075e-05,3.866738633299656e-06,7.034853341307861e-05,3.8026234277339795e-05,9.834187899297024,10.168607822426118,2.3892587649875016e-06,1.4953703403876687e-48,-47.82525123752759,1.4953703403876687e-06,-5.825251237527585
NGC4183,18.0,21.02,113.0,9.097e+66,66.96,1e-38,-38.0,27.689999999999998,2.4714736659838246e-23,-22.60704401266784,7.799377736165114e-06,1.2413095197515541e-06,1.6031886175241223e-05,1.4187509889594002e-05,11.429469978151467,8.749312102062444,8.914275368376211e-07,4.0625649668106483e-48,-47.39119968090494,4.0625649668106484e-10,-9.391199680904942
NGC4214,2.87,5.63,80.6,2.368e+65,65.37,1e-36,-36.0,24.94,3.3482080883022225e-23,-22.475187558805096,1.0566141156740622e-05,1.681653594501987e-06,5.817237000361871e-06,7.217415633203313e-06,4.291856335216716,23.299941141890656,4.534835986235131e-07,9.032538661352068e-48,-47.044190170875254,9.032538661352069e-12,-11.044190170875254
NGC4217,18.0,16.72,178.0,2.25e+67,67.35,1e-42,-42.0,39.33,1.2145897912152548e-22,-21.91557037349957,3.8329538795254525e-05,6.100335565697328e-06,6.26703068799414e-05,3.520803757300079e-05,5.771491943980654,17.326542421027625,2.2121862437330544e-06,1.6566826147099877e-48,-47.78076068523349,1.6566826147099877e-06,-5.7807606852334885
NGC4389,18.0,5.32,110.0,5.375e+65,65.73,1e-42,-42.0,98.94,9.007401039277312e-23,-22.045400500599442,2.842519590370977e-05,4.5240104364309055e-06,1.4787918671035607e-05,1.3443562428214187e-05,2.971602876942105,33.651872117886725,8.446839392510689e-07,4.895484977428163e-48,-47.31020427779593,4.895484977428163e-06,-5.310204277795933
NGC4559,9.0,20.97,119.0,1.057e+67,67.02,1e-42,-42.0,18.709999999999997,2.892248627205674e-23,-22.538764376390546,9.12724252779058e-06,1.4526457650964366e-06,1.871673001567842e-05,1.5728344550990267e-05,10.827377829409164,9.235846534179446,9.882410338904017e-07,3.6649799179472405e-48,-47.43592840070869,3.6649799179472403e-06,-5.435928400708691
NGC5005,16.9,11.47,265.0,3.494e+67,67.54,1e-42,-42.0,21.46,5.842363503252003e-22,-21.23341142535883,0.00018437097049022543,2.9343551316169343e-05,0.00020679875235377927,7.803726503916199e-05,2.6594349197317735,37.60197298232281,4.903225971065419e-06,7.674442038876221e-49,-48.11495318956357,7.674442038876221e-07,-6.114953189563575
NGC5033,15.7,44.59,196.0,2.136e+68,68.33,1e-42,-42.0,27.05,6.079176588649087e-23,-22.216155240994244,1.9184422311395243e-05,3.053295641220997e-06,8.365235138951447e-05,4.267977111709922e-05,13.978263532984247,7.153964422264029,2.681649107967455e-06,1.3175006251220164e-48,-47.88024917005319,1.3175006251220163e-06,-5.880249170053194
NGC5055,9.9,54.59,172.0,2.164e+68,68.34,1e-42,-42.0,28.76,3.356401459087256e-23,-22.47412609878529,1.0591997468529198e-05,1.685768754333264e-06,5.654352991407552e-05,3.287414529888112e-05,19.500981504360084,5.127947020391857,2.0655434672801674e-06,1.703539749234669e-48,-47.76864772844663,1.703539749234669e-06,-5.768647728446632
NGC5371,39.7,46.24,213.0,2.948e+68,68.47,1e-42,-42.0,13.889999999999999,7.523673329490303e-23,-22.123570069352343,2.374290734627232e-05,3.778801067532115e-06,0.00010736029045758792,5.040389223360935e-05,13.338593731933996,7.497042192730519,3.1669699510687756e-06,1.114718160952863e-48,-47.95283492330215,1.114718160952863e-06,-5.952834923302152
NGC5585,7.06,10.96,89.4,1.225e+66,66.09,1e-42,-42.0,26.029999999999998,2.3477959761444355e-23,-22.62933964604644,7.4090806296775635e-06,1.1791918059795967e-06,7.940847027090374e-06,8.882379224933305e-06,7.532599175037851,13.275630054946804,5.580963463889813e-07,6.768714585231296e-48,-47.16949379830818,6.768714585231296e-06,-5.169493798308183
NGC5907,17.3,50.33,214.0,3.542e+68,68.55,1e-38,-38.0,13.750000000000002,7.010091607823332e-23,-22.1542763066393,2.2122166692304558e-05,3.5208521809831543e-06,0.00010887960721787151,5.0878321129846506e-05,14.45057006501175,6.920142219311034,3.1967791977701624e-06,1.1024044870110629e-48,-47.95765902776575,1.1024044870110629e-10,-9.95765902776575
NGC5985,39.7,34.72,285.0,3.982e+68,68.6,1e-38,-38.0,19.46,2.400590227875333e-22,-21.619681966123913,7.575686617519861e-05,1.2057079724934065e-05,0.0002572134485087122,9.025033281007446e-05,7.485256369619634,13.359595859117052,5.670595650803276e-06,6.2698600051446686e-49,-48.20274215608666,6.269860005144669e-11,-10.202742156086657
NGC6015,17.0,29.23,152.0,4.281e+67,67.63,1e-42,-42.0,22.54,4.3252848043289474e-23,-22.36398529053994,1.3649560774109119e-05,2.1723950682327037e-06,3.901570389270314e-05,2.5668226245199433e-05,11.815634559546833,8.463362631607602,1.612782220051985e-06,2.216275343411051e-48,-47.65437628514595,2.216275343411051e-06,-5.654376285145953
NGC6195,127.8,36.43,246.0,2.819e+68,68.45,1e-42,-42.0,17.130000000000003,1.4712060082414077e-22,-21.832326510156086,4.642773072567905e-05,7.38920284153129e-06,0.0001653973636404036,6.723470066683074e-05,9.099046556001358,10.990162473016921,4.2244808336244846e-06,8.404931588398049e-49,-48.07546581713256,8.404931588398049e-07,-6.0754658171325575
NGC6503,6.26,23.5,115.0,1.198e+67,67.08,1e-38,-38.0,32.05,2.329212750999043e-23,-22.632790841063855,7.35043643109274e-06,1.1698582918911594e-06,1.6891683791520156e-05,1.4688420688278396e-05,12.55572644147653,7.9644933701056475,9.229006905426349e-07,3.904802224486143e-48,-47.40840095794276,3.904802224486143e-10,-9.40840095794276
NGC6674,51.2,72.41,242.0,1.06e+69,69.03,1e-38,-38.0,25.040000000000003,7.044759161587879e-23,-22.152133849478865,2.2231569171772567e-05,3.5382641263769976e-06,0.00015742025796083246,6.504969337224481e-05,18.384634682106785,5.439324834522114,4.0871927763302595e-06,8.570758015486914e-49,-48.066980766479944,8.570758015486914e-11,-10.066980766479942
NGC6789,3.52,0.71,60.4,1.585e+63,63.2,1e-36,-36.0,44.5,1.1174038106653948e-22,-21.951789851905396,3.5262582495454264e-05,5.612214310337288e-06,2.4482987933965195e-06,4.053474823504171e-06,0.7222594504343798,138.45440158638036,2.5468733454063776e-07,3.940160827801165e-47,-46.40448605096603,3.9401608278011654e-11,-10.40448605096603
NGC6946,5.52,20.4,154.0,2.169e+67,67.34,1e-42,-42.0,14.879999999999999,6.446514701645511e-23,-22.190675022565443,2.034365323486484e-05,3.2377929728761663e-06,4.0583646513327216e-05,2.6353017216446242e-05,8.139191553386002,12.286232526177466,1.6558089057422572e-06,2.190227751226629e-48,-47.65951072262192,2.190227751226629e-06,-5.659510722621914
NGC7331,14.7,36.31,238.0,2.536e+68,68.4,1e-42,-42.0,23.01,1.3366768611684194e-22,-21.87397356983092,4.218231371400851e-05,6.713523738637501e-06,0.00014977819785437212,6.293201590519836e-05,9.373917238575268,10.667898750853372,3.954135176867344e-06,8.980383413495844e-49,-48.04670512092614,8.980383413495843e-07,-6.046705120926142
NGC7793,3.61,7.87,90.8,6.616e+65,65.82,1e-42,-42.0,16.79,3.424737010736709e-23,-22.46537277283464,1.0807648069002476e-05,1.7200906133793217e-06,8.317597132710052e-06,9.160349265099176e-06,5.325503897206081,18.777565828552486,5.755617191110446e-07,6.790109912050809e-48,-47.168123195703174,6.790109912050809e-06,-5.168123195703177
NGC7814,14.4,19.53,214.0,5.334e+67,67.73,1e-38,-38.0,21.2,1.806767247414285e-22,-21.743097790811646,5.701723808700104e-05,9.074575282993699e-06,0.00010889310315941505,5.0884627644586473e-05,5.607383933432933,17.833628156575745,3.197175447777699e-06,1.1367322904814099e-48,-47.94434180308381,1.13673229048141e-10,-9.944341803083805
PGC51017,13.6,3.63,18.3,1.152e+63,63.06,1e-42,-42.0,20.330000000000002,6.076990139689254e-25,-24.216311468323084,1.917752240322576e-07,3.052197486728944e-08,6.807553740302417e-08,3.719974721476731e-07,12.187857232866824,8.204887708261909,2.3373290513062064e-08,1.9135254832608592e-46,-45.71816574971025,0.00019135254832608592,-3.718165749710254
UGC00128,64.5,53.75,125.0,8.052e+67,67.91,1e-40,-40.0,50.86000000000001,1.3083510526333261e-23,-22.883275711848253,4.128841917858145e-06,6.571256004721451e-07,2.1701945997792136e-05,1.736155679823371e-05,26.42045415025594,3.784946293174574,1.090858785844259e-06,3.2265713124935915e-48,-47.49125873183372,3.2265713124935914e-08,-7.491258731833718
UGC00191,17.1,9.98,83.85,8.379e+65,65.92,1e-38,-38.0,30.86,2.126946148421885e-23,-22.672243505743385,6.712131577343848e-06,1.0682689192174738e-06,6.550628302401877e-06,7.812317593800689e-06,7.313062706648203,13.674161430216017,4.908623912038907e-07,7.761916709296123e-48,-47.11003102184944,7.761916709296123e-10,-9.110031021849439
UGC00634,30.9,18.01,107.5,5.75e+66,66.76,1e-38,-38.0,44.68,2.4836056200885398e-23,-22.604917366070907,7.83766327165061e-06,1.2474028519729912e-06,1.3803596905411415e-05,1.2840555260847827e-05,10.293831892830923,9.714555380455007,8.067958815098661e-07,4.523649976162743e-48,-47.34451100659849,4.5236499761627436e-10,-9.34451100659849
UGC00731,12.5,10.91,73.9,6.855e+65,65.84,1e-36,-36.0,44.31,1.3319537198078486e-23,-22.875510864941432,4.203326270820816e-06,6.689801534291557e-07,4.48445641464578e-06,6.068276609804844e-06,9.070936676819471,11.024219831183174,3.812810643462735e-07,9.911600854312167e-48,-47.003856195560566,9.911600854312168e-12,-11.003856195560568
UGC00891,10.2,7.39,63.75,2.019e+65,65.31,1e-38,-38.0,40.83,1.2622893889234951e-23,-22.898841068542776,3.983482361989209e-06,6.339909086299614e-07,2.8787191150670326e-06,4.515637827556129e-06,7.122559276621664,14.039897193727741,2.837258925064502e-07,1.3881404605442267e-47,-46.857566587085095,1.3881404605442266e-09,-8.857566587085097
UGC01230,53.7,36.54,103.0,2.082e+67,67.32,1e-42,-42.0,40.73,1.0767900251839136e-23,-22.96786897617698,3.398090889874387e-06,5.408229621990461e-07,1.2142147060739954e-05,1.1788492291980538e-05,21.79732207383951,4.587719521748821,7.406928156277191e-07,4.7932931647581054e-48,-47.31936600811584,4.793293164758105e-06,-5.319366008115844
UGC01281,5.27,4.99,56.9,6.546e+64,64.82,1e-42,-42.0,52.86,1.329322304577602e-23,-22.876369708200123,4.195022155893813e-06,6.6765851249052e-07,2.0470420273313137e-06,3.5976134048002e-06,5.388403409072511,18.558372936894248,2.260447168595294e-07,1.8501906872894007e-47,-46.73278350934302,1.8501906872894005e-05,-4.732783509343022
UGC02023,10.4,3.78,58.8,4.145e+64,64.62,1e-42,-42.0,15.49,1.9364445391868997e-23,-22.712994936927323,6.110954218984451e-06,9.72588570959648e-07,2.2588780465178318e-06,3.841629330812639e-06,3.9499017832608536,25.3170852054566,2.413766896699212e-07,1.835168159564527e-47,-46.7363241344501,1.835168159564527e-05,-4.7363241344501015
UGC02259,10.5,8.14,90.0,6.893e+65,65.84,1e-36,-36.0,24.5,3.224712429118715e-23,-22.491509008475358,1.0176418495315676e-05,1.6196273065012776e-06,8.100490520795932e-06,9.00054502310659e-06,5.557170459511198,17.99476923167764,5.655209224579167e-07,6.8833087819899e-48,-47.16220274776337,6.8833087819899e-12,-11.162202747763367
UGC02455,6.92,4.03,61.0,5.26e+64,64.72,1e-42,-42.0,107.91,2.0278066055483598e-23,-22.69297346657153,6.399270973525292e-06,1.0184756076210357e-06,2.521897907443062e-06,4.134258864660758e-06,4.059261541194489,24.635022647635008,2.597631455451343e-07,1.6806451680669648e-47,-46.7745239687836,1.6806451680669647e-05,-4.7745239687836
UGC02487,69.1,80.38,333.0,3.404e+69,69.53,1e-38,-38.0,21.23,1.6538703962731768e-22,-21.781498526457437,5.21921804174304e-05,8.30664350417807e-06,0.0004102469841682235,0.00012319729254301005,14.831176091888901,6.742553616815966,7.74071418390546e-06,4.519313860759746e-49,-48.34492749640663,4.5193138607597464e-11,-10.344927496406633
UGC02885,80.6,74.07,298.0,2.072e+69,69.32,1e-40,-40.0,20.48,1.2865262290567483e-22,-21.890581355183528,4.059968012608124e-05,6.461639780015614e-06,0.00029407419116831606,9.868261448601211e-05,15.272069915010588,6.547900877648036,6.200411534125787e-06,5.64794339568459e-49,-48.24810966448193,5.64794339568459e-09,-8.248109664481929
UGC02916,65.4,38.0,181.0,1.222e+68,68.09,1e-42,-42.0,15.629999999999999,5.61922398661794e-23,-22.250323656245836,1.773292228800943e-05,2.8222822376011434e-06,6.589551584627126e-05,3.6406362346006224e-05,12.899617855707637,7.752167631520451,2.287479209802824e-06,1.550473558705735e-48,-47.80953563568664,1.550473558705735e-06,-5.809535635686641
UGC02953,16.5,62.39,272.0,1.118e+69,69.05,1e-42,-42.0,20.34,1.161589758688166e-22,-21.934947225642624,3.665698496877767e-05,5.834140356626273e-06,0.00022364731144749572,8.222327626746167e-05,14.093469001662687,7.095485149057512,5.166240813518832e-06,6.795568996225669e-49,-48.167774173725405,6.795568996225669e-07,-6.167774173725403
UGC03205,50.0,40.04,220.0,2.436e+68,68.39,1e-40,-40.0,12.16,9.575269478458085e-23,-22.018848994762944,3.0217252409338885e-05,4.8092250876017675e-06,0.00011831532356852868,5.3779692531149405e-05,11.182610826387394,8.94245552783004,3.3790777393635357e-06,1.0482102976482161e-48,-47.97955157809094,1.0482102976482162e-08,-7.979551578090944
UGC03546,28.7,29.23,193.0,8.765e+67,67.94,1e-42,-42.0,27.92,8.855669542149784e-23,-22.052778597944435,2.7946367714334604e-05,4.447802563200106e-06,7.988148671327797e-05,4.1389371354030046e-05,9.305577476948802,10.746243341449125,2.6005708996504126e-06,1.3744556893539967e-48,-47.86186925667845,1.3744556893539967e-06,-5.861869256678457
UGC03580,20.7,27.06,124.0,1.992e+67,67.3,1e-42,-42.0,41.13,2.5366578057587785e-23,-22.595738114999072,8.005083237101323e-06,1.2740485670467464e-06,2.1182908925074723e-05,1.7082991068608646e-05,13.408430031994104,7.457994691502893,1.0733559848496195e-06,3.339076075563141e-48,-47.47637368612056,3.3390760755631406e-06,-5.476373686120561
UGC04278,9.51,6.69,92.8,5.104e+65,65.71,1e-38,-38.0,36.28,4.301186164068685e-23,-22.3664117598923,1.3573511249121392e-05,2.160291410411116e-06,8.879945076049379e-06,9.568906331949761e-06,4.429451640567668,22.576157979497488,6.012321167068444e-07,6.637898809841766e-48,-47.17796937239477,6.637898809841766e-10,-9.17796937239477
UGC04305,3.45,5.52,33.0,1.563e+64,64.19,1e-42,-42.0,18.94,2.344756090054412e-24,-23.62990232747035,7.399487478750112e-07,1.1776650085896662e-07,3.9942263462371693e-07,1.2103716200718695e-06,10.277724236040365,9.729780416693334,7.604989179462724e-08,5.403603579605062e-47,-46.267316519291946,5.403603579605062e-05,-4.267316519291942
UGC04325,9.6,5.59,91.5,3.416e+65,65.53,1e-36,-36.0,26.22,4.934445607018181e-23,-22.30676163394424,1.5571926068803694e-05,2.4783490073116535e-06,8.512283821081282e-06,9.303042427411237e-06,3.7537257262658708,26.64019890965181,5.845273949197859e-07,7.015737863434649e-48,-47.15392664635106,7.01573786343465e-12,-11.15392664635106
UGC04483,3.34,1.21,24.2,2.961e+62,62.47,1e-36,-36.0,28.89,4.217336203973409e-24,-23.37496177586199,1.3308900899051125e-06,2.1181773652041566e-07,1.5747786425808947e-07,6.50734976273097e-07,3.072145831425109,32.55053812130134,4.08868844178698e-08,1.687736783314057e-46,-45.772695284290855,1.6877367833140572e-10,-9.772695284290853
UGC04499,12.5,8.18,74.3,3.916e+65,65.59,1e-38,-38.0,30.869999999999997,1.8052555956001704e-23,-22.74346130018481,5.696953398371194e-06,9.066982939149472e-07,4.557093352242099e-06,6.133369249316419e-06,6.76450952922137,14.783037789808615,3.853709555081201e-07,1.00953438872666e-47,-46.99587888268383,1.0095343887266601e-09,-8.995878882683833
UGC05005,53.7,28.61,99.1,1.137e+67,67.06,1e-42,-42.0,32.34,1.2250753995023249e-23,-22.91183718102999,3.866043942733457e-06,6.153000036965101e-07,1.0816247055674403e-05,1.0914477351840972e-05,17.73846462907616,5.637466493919892,6.857768373263156e-07,5.2159466059743197e-48,-47.28266686299113,5.21594660597432e-06,-5.28266686299113
UGC05253,22.9,53.29,218.0,4.198e+68,68.62,1e-42,-42.0,17.06,6.99940625400046e-23,-22.154938798778293,2.208844628012449e-05,3.5154854107016006e-06,0.00011510729367247624,5.280151085893406e-05,15.019692785013214,6.657925793247975,3.317616772257378e-06,1.0610911302747625e-48,-47.97424731574438,1.0610911302747626e-06,-5.974247315744378
UGC05414,9.4,4.11,61.4,5.579e+64,64.75,1e-38,-38.0,20.26,2.02762120044318e-23,-22.693013176519777,6.39868587951057e-06,1.018382487016419e-06,2.5717252390973064e-06,4.188477588106362e-06,4.112872758031661,24.313905603989074,2.6316980841040884e-07,1.651769326036883e-47,-46.7820506031562,1.651769326036883e-09,-8.782050603156197
UGC05716,21.3,12.37,74.7,9.101e+65,65.96,1e-36,-36.0,42.49,1.2132098933174997e-23,-22.91606405682191,3.828599252935633e-06,6.093404962226436e-07,4.6312856089721434e-06,6.1998468660939e-06,10.174683784398553,9.828315269447089,3.8954786735804605e-07,9.601169074492873e-48,-47.01767588240951,9.601169074492874e-12,-11.017675882409511
UGC05721,6.18,6.74,79.5,3.257e+65,65.51,1e-36,-36.0,40.67,2.684070980816909e-23,-22.571206003343026,8.470283838422769e-06,1.3480875422763767e-06,5.582771013543862e-06,7.0223534761558e-06,5.209122743095656,19.197090360856503,4.4122748183203613e-07,9.035704902146925e-48,-47.0440379611804,9.035704902146925e-12,-11.0440379611804
UGC05750,58.7,22.85,78.9,3.659e+66,66.56,1e-42,-42.0,32.85,7.738552333950617e-24,-23.11134027603294,2.4421013913388e-06,3.886725079631652e-07,5.456847916837612e-06,6.916157055560979e-06,17.794304752360897,5.619775618754214,4.345549639364716e-07,8.302787061197737e-48,-47.08077610013922,8.302787061197736e-06,-5.080776100139217
UGC05764,7.47,3.62,49.9,2.323e+64,64.37,1e-36,-36.0,42.6,1.235604342357192e-23,-22.9081205741012,3.899270759437132e-06,6.205882158181083e-07,1.3803331501861748e-06,2.7661986977678855e-06,4.457381927759076,22.434694091891394,1.7380539014554477e-07,2.5750241367961457e-47,-46.58921869577687,2.5750241367961458e-11,-10.589218695776868
UGC05829,8.64,6.91,68.6,2.2e+65,65.34,1e-38,-38.0,42.39,1.6824589098726937e-23,-22.77405553360233,5.3094365294198516e-06,8.450230686898468e-07,3.587719123344189e-06,5.229911258519225e-06,6.189075129780613,16.157503003771865,3.2860501577381097e-07,1.2091310871879187e-47,-46.91752661282309,1.2091310871879187e-09,-8.91752661282309
UGC05918,7.66,4.46,44.5,2.501e+64,64.4,1e-36,-36.0,34.2,7.11320038452846e-24,-23.14793495670786,2.2447553245479535e-06,3.5726390593365857e-07,9.790296028448053e-07,2.2000665232467535e-06,6.158099059845387,16.238777425985532,1.3823425653681679e-07,3.0913288612344373e-47,-46.509854791435465,3.0913288612344376e-11,-10.509854791435467
UGC05986,8.63,9.41,107.0,1.548e+66,66.19,1e-38,-38.0,33.32,4.687680609195399e-23,-22.329041986236835,1.4793194959274474e-05,2.354410101890642e-06,1.3612677600738358e-05,1.2722128598820896e-05,5.40353126611407,18.50641646641468,7.993549148816068e-07,4.7939739152682855e-48,-47.31930433335741,4.793973915268286e-10,-9.319304333357406
UGC05999,47.7,16.22,100.0,3.754e+66,66.57,1e-38,-38.0,35.63,2.2197171952508314e-23,-22.653702353642025,7.0048947360847634e-06,1.1148636230862879e-06,1.1110776663090473e-05,1.1110776663090473e-05,9.966041077143053,10.034074636652694,6.98110686808839e-07,5.2591288861452634e-48,-47.279086185745626,5.259128886145264e-10,-9.279086185745625
UGC06399,18.0,7.85,87.6,5.911e+65,65.77,1e-38,-38.0,34.73,3.0832441546000026e-23,-22.51099208318881,9.729978573320505e-06,1.548574186122186e-06,7.469189796960052e-06,8.526472370958964e-06,5.50601478919797,18.161956302076415,5.357340592328206e-07,7.297122451509551e-48,-47.13684836587989,7.297122451509551e-10,-9.136848365879894
UGC06446,12.0,10.22,80.1,7.66e+65,65.88,1e-36,-36.0,39.62,1.8106395810772142e-23,-22.74216799006542,5.713943964380229e-06,9.094024264812143e-07,5.710561689642777e-06,7.12929049892981e-06,7.839533182812637,12.755861563190985,4.4794653313490795e-07,8.48650464958863e-48,-47.071271146501154,8.486504649588631e-12,-11.071271146501156
UGC06614,88.7,64.59,204.0,5.054e+68,68.7,1e-42,-42.0,22.24,4.7325510964152826e-23,-22.32490468834749,1.4934795448023493e-05,2.3769465196192767e-06,9.433145168296912e-05,4.624090768772996e-05,19.45391169134782,5.140354371222692,2.9054019177419244e-06,1.207699841378567e-48,-47.91804099074052,1.207699841378567e-06,-5.918040990740523
UGC06628,15.1,7.69,42.3,6.387e+64,64.81,1e-42,-42.0,16.09,3.543837704216864e-24,-23.450526175548248,1.118350127345941e-06,1.7799095087455715e-07,8.410001746358982e-07,1.9881800818815562e-06,11.17011888589082,8.952456193309796,1.24921038785053e-07,3.1372331187767985e-47,-46.5034532089284,3.137233118776798e-05,-4.503453208928398
UGC06667,18.0,7.85,85.7,5.535e+65,65.74,1e-36,-36.0,54.03,2.887118321047372e-23,-22.539535417322956,9.111052512828455e-06,1.4500690441864828e-06,6.994073003920469e-06,8.16111202324442e-06,5.628085128748449,17.768032592328183,5.127777915469601e-07,7.623803323994283e-48,-47.11782831599063,7.623803323994283e-12,-11.117828315990632
UGC06786,29.3,34.05,211.0,1.554e+68,68.19,1e-40,-40.0,17.669999999999998,9.932431839253682e-23,-22.002944406583456,3.13443711010432e-05,4.98861159883778e-06,0.000104368305253465,4.9463651778893366e-05,9.915314271092413,10.085409021431104,3.107892900965903e-06,1.144624613600804e-48,-47.94133691941306,1.144624613600804e-08,-7.94133691941306
UGC06787,21.3,37.19,255.0,3.272e+68,68.51,1e-42,-42.0,21.86,1.6050578412006932e-22,-21.79450931237957,5.0651773329474994e-05,8.061480101756175e-06,0.00018420982403858716,7.223914668179888e-05,8.96102772319214,11.15943428466233,4.5389194503426976e-06,7.818342588434552e-49,-48.10688530333241,7.818342588434552e-07,-6.106885303332413
UGC06818,18.0,6.98,74.4,2.863e+65,65.46,1e-42,-42.0,29.630000000000003,2.1242763197009734e-23,-22.672788992149822,6.703706238659544e-06,1.0669279849186434e-06,4.575750672372849e-06,6.150202516630172e-06,5.764402662190124,17.34785126235544,3.8642862088669614e-07,1.0268105438317811e-47,-46.98850968041309,1.0268105438317811e-05,-4.988509680413089
UGC06917,18.0,10.47,111.0,2.139e+66,66.33,1e-38,-38.0,27.63,4.702476860936215e-23,-22.32767333276694,1.483988837866807e-05,2.3618415903969957e-06,1.5193900241713071e-05,1.3688198415957721e-05,5.79556159549926,17.254583244815894,8.600548716890445e-07,4.41022742615206e-48,-47.35553901430174,4.41022742615206e-10,-9.35553901430174
UGC06923,18.0,5.16,81.1,2.027e+65,65.31,1e-42,-42.0,20.4,3.722721705895289e-23,-22.429139428490565,1.1748016250596116e-05,1.8697548578062865e-06,5.927972699146716e-06,7.30946078809706e-06,3.9093150407283748,25.579928698038167,4.592669662717676e-07,9.051811559264474e-48,-47.0432644957716,9.051811559264473e-06,-5.043264495771602
UGC06930,18.0,16.61,108.0,4.959e+66,66.7,1e-38,-38.0,28.08,2.730493447249108e-23,-22.563758861365013,8.616782001090846e-06,1.3714034490188817e-06,1.3996088914608052e-05,1.2959341587600047e-05,9.44969301110575,10.582354356112416,8.142594465392999e-07,4.5026190308167676e-48,-47.34653479738825,4.5026190308167677e-10,-9.346534797388252
UGC06973,18.0,7.85,180.0,5.128e+66,66.71,1e-42,-42.0,38.15,2.6748225384518383e-22,-21.572705026026934,8.441097973944773e-05,1.3434424676762935e-05,6.479784347624963e-05,3.5998801931249795e-05,2.6795938640763453,37.31908829193784,2.261871433704968e-06,1.728355101626029e-48,-47.762367024106545,1.728355101626029e-06,-5.762367024106543
UGC06983,18.0,15.68,109.0,4.543e+66,66.66,1e-38,-38.0,37.89,2.973448969190021e-23,-22.526739510532572,9.383491319011102e-06,1.4934290268805058e-06,1.4388067597667195e-05,1.3200062016208435e-05,8.838760850779028,11.313803109763539,8.293843571410019e-07,4.4358446900332284e-48,-47.353023667987785,4.435844690033229e-10,-9.353023667987788
UGC07089,18.0,9.16,79.1,5.926e+65,65.77,1e-38,-38.0,16.84,1.9454996357966438e-23,-22.710968846161457,6.139529930661617e-06,9.771365367254377e-07,5.499491678478694e-06,6.952581135876983e-06,7.1152606361198485,14.054298937745282,4.3684355639916223e-07,8.796393025243048e-48,-47.05569537448166,8.796393025243049e-10,-9.055695374481662
UGC07125,19.8,18.68,64.9,1.361e+66,66.13,1e-38,-38.0,22.28,5.268456968880747e-24,-23.278316562780827,1.6625985764115107e-06,2.646107818134402e-07,3.0370799928744463e-06,4.679630189328884e-06,17.684956588912492,5.654523351371672,2.9402983648625274e-07,1.2388516785354457e-47,-46.90698068639997,1.2388516785354457e-09,-8.906980686399969
UGC07151,6.87,5.5,76.2,1.91e+65,65.28,1e-38,-38.0,20.830000000000002,2.8966847068161406e-23,-22.538098773536944,9.141241730382104e-06,1.4548738073882227e-06,4.916542952879036e-06,6.452156106140467e-06,4.434856187096614,22.5486454985742,4.054009244573083e-07,1.0142841553266595e-47,-46.993840358807134,1.0142841553266596e-09,-8.993840358807132
UGC07232,2.83,0.82,44.0,8.173e+62,62.91,1e-36,-36.0,14.77,3.740208987476237e-23,-22.42710413053429,1.1803201914318009e-05,1.8785379289754328e-06,9.464673646988367e-07,2.1510621924973563e-06,1.1450725371675405,87.33071203275968,1.3515522362728897e-07,6.624522451367106e-47,-46.17884542368721,6.624522451367107e-11,-10.178845423687205
UGC07261,13.1,6.67,76.1,2.798e+65,65.45,1e-36,-36.0,19.89,2.3791736216778847e-23,-22.62357386389578,7.508100948346202e-06,1.1949513791622453e-06,4.897200574264135e-06,6.435217574591504e-06,5.385338421972531,18.56893516515016,4.0433664513177195e-07,9.874401780281317e-48,-47.005489205715925,9.874401780281318e-12,-11.005489205715929
UGC07323,8.0,5.82,85.6,3.032e+65,65.48,1e-38,-38.0,10.79,3.880754508548952e-23,-22.411083829291588,1.2246729847898442e-05,1.9491275920040927e-06,6.970036896588363e-06,8.14256646797706e-06,4.177544097872461,23.93750913387796,5.116125399432664e-07,7.963688433516494e-48,-47.098885739384386,7.963688433516495e-10,-9.098885739384384
UGC07399,8.43,6.13,106.0,6.386e+65,65.81,1e-36,-36.0,33.18,6.995252870162317e-23,-22.155196581653758,2.2075339197543433e-05,3.5133993537193116e-06,1.323304576903772e-05,1.2484005442488416e-05,3.5532554616294187,28.143205879754827,7.843931957099318e-07,5.152755602930848e-48,-47.2879604557954,5.1527556029308486e-12,-11.287960455795401
UGC07524,4.74,10.69,79.0,8.04e+65,65.91,1e-38,-38.0,37.830000000000005,1.660652871656259e-23,-22.779721139179824,5.240621906257956e-06,8.340708812566251e-07,5.478384220504469e-06,6.9346635702588216e-06,8.31423770580618,12.027560858666073,4.357177625488375e-07,8.688939072593787e-48,-47.0610332480676,8.688939072593787e-10,-9.061033248067602
UGC07559,4.97,2.53,32.1,3.021e+63,63.48,1e-42,-42.0,19.79,4.7070096583946926e-24,-23.327254910556114,1.4854192799575635e-06,2.3641182096925016e-07,3.6750354468689234e-07,1.1448708557224061e-06,4.842697167293163,20.64964967774255,7.193435739293141e-08,6.889300057272126e-47,-46.16182489953009,6.889300057272127e-05,-4.161824899530091
UGC07577,2.59,1.69,17.8,2.298e+62,62.36,1e-42,-42.0,14.97,1.2012844024635907e-24,-23.920354161790694,3.790965265918501e-07,6.033508611606109e-08,6.265106595544464e-08,3.5197228064856535e-07,5.833625230458915,17.141999365655735,2.2115070623055554e-08,2.6235765712980005e-46,-45.58110625602943,0.0002623576571298,-3.5811062560294276
UGC07603,4.7,4.11,64.0,6.319e+64,64.8,1e-36,-36.0,36.38,2.2965653998208382e-23,-22.638921182566158,7.247409226138608e-06,1.1534610029497675e-06,2.912839538601161e-06,4.551311779064314e-06,3.9457873022366243,25.343484668653108,2.8596735298610283e-07,1.5200889630657998e-47,-46.818130994267094,1.5200889630657998e-11,-10.818130994267097
UGC07608,8.21,4.78,69.3,1.085e+65,65.04,1e-36,-36.0,53.12,2.5066977779392868e-23,-22.600898023953746,7.910536579709683e-06,1.259000999170051e-06,3.697649945820465e-06,5.335714207533139e-06,4.238053989671579,23.595735269939148,3.352528111208159e-07,1.2574967689166715e-47,-46.90049312217141,1.2574967689166716e-11,-10.90049312217141
UGC07690,8.11,4.13,55.9,4.251e+64,64.63,1e-36,-36.0,16.73,1.522638748714193e-23,-22.817403122304018,4.805082457642301e-06,7.64752625097925e-07,1.9406304927337158e-06,3.4716108993447506e-06,4.539521389547656,22.02875400703081,2.1812774595007446e-07,1.990756861565748e-47,-46.70098177871108,1.990756861565748e-11,-10.700981778711085
UGC07866,4.57,2.32,33.1,2.785e+63,63.44,1e-36,-36.0,21.83,5.6275216248247364e-24,-23.24968282746489,1.7759107642756911e-06,2.8264497662458197e-07,4.029035362336519e-07,1.2172312272919998e-06,4.3065730084025695,23.220319220152465,7.648089362761269e-08,6.67477371802683e-47,-46.1755634527616,6.67477371802683e-11,-10.1755634527616
UGC08286,6.5,8.04,84.3,5.526e+65,65.74,1e-36,-36.0,43.1,2.682864025333636e-23,-22.5714013379668,8.466474976586875e-06,1.3474813430876402e-06,6.656571979272397e-06,7.896289417879475e-06,5.860036176668534,17.064741067324025,4.961384965165797e-07,7.857202963126064e-48,-47.10473202824403,7.857202963126064e-12,-11.104732028244031
UGC08490,4.65,10.15,77.6,6.869e+65,65.84,1e-36,-36.0,30.56,1.657491528268502e-23,-22.7805486826732,5.230645465248607e-06,8.324830813555225e-07,5.191744139080146e-06,6.690391931804312e-06,8.036670151795066,12.442964326172332,4.2036972285185706e-07,9.049049351498968e-48,-47.043397043235025,9.049049351498969e-12,-11.043397043235025
UGC08550,6.7,5.36,57.5,7.794e+64,64.89,1e-36,-36.0,30.91,1.277091340398026e-23,-22.89377803992358,4.030193768374474e-06,6.414252598549507e-07,2.1124316777870134e-06,3.673794222238284e-06,5.727548402239507,17.4594770706607,2.3083129878768837e-07,1.7891148135297866e-47,-46.74736178839715,1.7891148135297867e-11,-10.747361788397152
UGC08699,39.3,25.7,183.0,5.776e+67,67.76,1e-42,-42.0,17.330000000000002,8.585858806270976e-23,-22.06621625773424,2.7094909786477693e-05,4.312288825146896e-06,6.809461790971123e-05,3.721017372115368e-05,8.628868619412598,11.58900481750612,2.337984168023527e-06,1.5358967596387384e-48,-47.81363797585796,1.5358967596387384e-06,-5.813637975857954
UGC08837,7.21,4.2,48.0,2.784e+64,64.44,1e-42,-42.0,22.13,9.481505197305729e-24,-23.023122712557115,2.992135484144953e-06,4.762131527023307e-07,1.22891685163319e-06,2.560243440902479e-06,5.3762552049939405,18.60030749788648,1.6086483970681366e-07,2.689696381090727e-47,-46.570296741357794,2.689696381090727e-05,-4.570296741357795
UGC09037,83.6,27.96,152.0,3.918e+67,67.59,1e-42,-42.0,23.29,4.522815357107073e-23,-22.344591141864154,1.4272919791344218e-05,2.2716057371465756e-06,3.902491330492267e-05,2.5674285069028067e-05,11.30226282192711,8.84778575543241,1.613162907180574e-06,2.2191388884532233e-48,-47.65381551588371,2.2191388884532233e-06,-5.653815515883706
UGC09133,57.1,108.31,229.0,2.01e+69,69.3,1e-42,-42.0,21.75,3.9915935999632926e-23,-22.39885368238417,1.259651141902016e-05,2.0047970580505636e-06,0.00013341688456779065,5.826064828287802e-05,29.060621397524322,3.441082646929188,3.6606244927773675e-06,9.526043971555973e-49,-48.0210874181467,9.526043971555973e-07,-6.021087418146699
UGC09992,10.7,3.89,34.3,8.713e+63,63.94,1e-36,-36.0,12.959999999999999,3.734864391803582e-24,-23.427725162244986,1.1786335653078072e-06,1.8758535801276177e-07,4.483532898598178e-07,1.3071524485708973e-06,6.968307454369488,14.35068711517527,8.21308105910448e-08,5.357855329851968e-47,-46.271009017173355,5.357855329851968e-11,-10.271009017173354
UGC10310,15.2,7.74,73.2,3.353e+65,65.53,1e-36,-36.0,28.310000000000002,1.8245954985279332e-23,-22.7388334009218,5.75798549043451e-06,9.164118530540636e-07,4.358163122345874e-06,5.953774757303107e-06,6.496832987767853,15.392114925576601,3.7408670077343587e-07,1.046809095214489e-47,-46.98013251264249,1.0468090952144891e-11,-10.980132512642488
UGC11455,78.6,41.93,266.0,4.722e+68,68.67,1e-42,-42.0,21.08,1.6162454795905697e-22,-21.791492676769934,5.100482834672736e-05,8.117670552935283e-06,0.00020913566775219178,7.862243148578638e-05,9.685343963282318,10.324878535972044,4.939993063262266e-06,7.162048435876514e-49,-48.1449627462447,7.162048435876515e-07,-6.144962746244701
UGC11557,24.2,10.56,84.5,9.601e+65,65.98,1e-42,-42.0,80.01,2.0572195498882222e-23,-22.686719357203255,6.4920911667552565e-06,1.0332484001923293e-06,6.704099984688537e-06,7.93384613572608e-06,7.678546740792698,13.023297685842628,4.984982546941764e-07,7.60301819006608e-48,-47.11901397047131,7.60301819006608e-06,-5.119013970471306
UGC11820,18.1,15.82,84.45,2.151e+66,66.33,1e-38,-38.0,33.57,1.37080885318828e-23,-22.86302309939945,4.325943746537447e-06,6.884953307989079e-07,6.692360103325549e-06,7.92464192223274e-06,11.510088112053337,8.688030797547087,4.979199369043214e-07,7.384737947595961e-48,-47.13166491131104,7.384737947595962e-10,-9.131664911311043
UGC11914,16.9,9.83,305.0,3.912e+67,67.59,1e-42,-42.0,6.819999999999999,1.0391882326514739e-21,-20.983305779682784,0.0003279428657072215,5.219372812902592e-05,0.0003152416992901087,0.00010335793419347826,1.9802749851087753,50.49803726854988,6.494170535048973e-06,5.875396397075e-49,-48.23096282739583,5.875396397074999e-07,-6.230962827395829
UGC12506,100.6,49.99,225.0,4.062e+68,68.61,1e-38,-38.0,28.12,8.204392642990813e-23,-22.08595356349092,2.589109412704469e-05,4.1206956123767035e-06,0.00012656845972565197,5.625264876695643e-05,13.651250676705883,7.325336144521705,3.5344581622247456e-06,9.972151705501443e-49,-48.00121112323274,9.972151705501443e-11,-10.001211123232745
UGC12632,9.77,10.66,73.1,6.334e+65,65.8,1e-38,-38.0,43.61,1.3193571429464194e-23,-22.879637627337708,4.163574497424593e-06,6.626534621964777e-07,4.340257528579405e-06,5.937424799698229e-06,8.96007511983356,11.160620716074707,3.7305940263947613e-07,1.0150869475587059e-47,-46.993496756541205,1.015086947558706e-09,-8.993496756541205
UGC12732,13.2,15.4,98.0,3.185e+66,66.5,1e-38,-38.0,44.05,2.2004079322065387e-23,-22.65749679813996,6.943959336140107e-06,1.105165452975814e-06,1.0457306673335643e-05,1.0670721095240452e-05,9.6553154701932,10.356989402232243,6.704611800262607e-07,5.493465785702645e-48,-47.260153576004264,5.493465785702645e-10,-9.260153576004264
UGCA281,5.68,1.08,29.5,4.273e+62,62.63,1e-36,-36.0,26.56,8.558892153104184e-24,-23.067582445945593,2.700980950108006e-06,4.298744694067331e-07,2.852576047923787e-07,9.66974931499589e-07,2.2494355918231306,44.455596045295806,6.075682682009204e-08,1.2171352303822957e-46,-45.91466116659648,1.2171352303822958e-10,-9.91466116659648
UGCA442,4.35,6.33,56.5,1.031e+65,65.01,1e-38,-38.0,50.64999999999999,1.0256601045143897e-23,-22.988996537070488,3.2367371314223306e-06,5.151427139549456e-07,2.0035634232423803e-06,3.5461299526413814e-06,6.883781632892369,14.526898924593409,2.228099161578577e-07,1.8053720982998123e-47,-46.7434332737673,1.8053720982998123e-09,-8.743433273767305
UGCA444,0.98,2.62,38.3,5.503e+63,63.74,1e-36,-36.0,35.94,7.720609138778627e-24,-23.11234843345002,2.436438949579204e-06,3.877713023671555e-07,6.242359548194961e-07,1.6298588898681356e-06,4.2031446884249535,23.79171011537865,1.0240705429595503e-07,4.784581817570003e-47,-46.32015601447194,4.7845818175700036e-11,-10.32015601447194
