galaxy_name,distance_mpc,r_max_kpc,v_max_km_s,J,log10_J,k_fitted,log10_k_fitted,mean_error_pct,omega_lt_max_rad_s,log10_omega_lt,cumul_precession_rad,cumul_precession_rotations,v_boost_max_km_s,relative_boost_pct,T_orb_Gyr,n_orbits_10Gyr,precession_per_orbit_rad,k_theory,log10_k_theory,k_ratio_theory_to_fitted,log10_k_ratio
CamB,3.36,1.79,20.1,5.398341e+61,61.73226031440739,1e-45,-45.0,57.812911889242024,2.374964646628596e-25,-24.62434285083423,7.494818433244658e-08,1.1928374012271417e-08,1.3119162210097566e-08,6.52694637318287e-08,5.4717821276128795,18.275581459166396,4.101001355273168e-09,1.37893007561653e-45,-44.86045775597342,1.37893007561653,0.1395422440265817
D512-2,15.2,3.83,35.9,5.677298e+62,62.754141690836114,6.813725540016134e-35,-34.166615363996364,20.844782648247275,2.5497717003786735e-25,-24.593498703371694,8.046467541187002e-08,1.2806350836084004e-08,3.0136720640021685e-08,8.394629704741417e-08,6.555052108277531,15.255408858416684,5.274501402004457e-09,8.372672168828812e-46,-45.077135913217354,1.2287950431312775e-11,-10.91052054922099
D564-8,8.79,3.07,25.0,4.546862e+61,61.657711773306055,3.05984460984342e-34,-33.51430062802858,37.7403884655868,3.965085664628535e-26,-25.40174742542744,1.2512858737008146e-08,1.991483320205457e-09,3.756530088840403e-09,1.5026120355361612e-08,7.545190161980068,13.253476433754615,9.44118986407202e-10,4.94880343292552e-45,-44.30549979607592,1.6173381540374244e-11,-10.791199168047346
D631-7,7.72,7.19,57.3,1.060118e+63,63.025354208563506,5.091028626314979e-35,-34.2931944609639,56.43319582293395,7.19653538458538e-26,-25.14287653488708,2.271053850525916e-08,3.6144944633908193e-09,1.5967917393521116e-08,2.7867220582061283e-08,7.709852889335614,12.970416094232036,1.7509491091314002e-09,2.257296609908425e-45,-44.64641137065955,4.433871375699406e-11,-10.353216909695645
DDO064,6.8,2.98,46.9,9.573543e+62,62.98107269227949,3.4964130124289977e-35,-34.456377272140465,42.77615029504367,9.12808819905769e-25,-24.03962017225121,2.88060556150583e-07,4.584626142116576e-08,8.394445494323026e-08,1.7898604465507518e-07,3.9040488604037633,25.614433521628065,1.1246024859669577e-08,4.189808511284035e-46,-45.37780582533754,1.1983162447886349e-11,-10.921428553197075
DDO154,4.04,5.92,45.5,8.058488e+62,62.906253563535095,1.4291334560565925e-34,-33.84492721381037,49.69734431854737,9.800412849871999e-26,-25.0087556289356,3.092775085511206e-08,4.922304427305677e-09,1.7904491840385354e-08,3.9350531517330454e-08,7.994331130565557,12.508863889520363,2.4724668145939786e-09,1.6434762240890976e-45,-44.78423657440657,1.1499809322384356e-11,-10.9393093605962
DDO161,7.5,13.37,66.1,2.18696e+64,64.33984083976459,1.8529532696927997e-35,-34.732135533174606,85.86572455647823,2.3088862939218185e-25,-24.636597454323297,7.286291010906718e-08,1.1596492311918473e-08,9.526423288768132e-08,1.4412138107062227e-07,12.42801505783773,8.046337209491469,9.055413439933638e-09,4.1062849013290954e-46,-45.38655092179868,2.2160758009886966e-11,-10.654415388624072
DDO168,4.25,4.12,52.0,1.977757e+63,63.29617293031369,3.5978350929214345e-35,-34.44395874645893,42.29741776965561,7.135710299072762e-25,-24.146562790087657,2.251858913340186e-07,3.583944772036346e-08,9.072570416970681e-08,1.7447250801866693e-07,4.868169548258249,20.541601727034823,1.0962430988896607e-08,3.9632356951966146e-46,-45.40195009923293,1.1015612424799813e-11,-10.957991352773996
DDO170,15.4,12.33,62.2,1.746694e+64,64.24221682842224,2.6061297333606594e-35,-34.58400396886892,37.46657536719723,2.351167264202997e-25,-24.628716473666888,7.41971960568125e-08,1.1808850516000195e-08,8.946280784648444e-08,1.4383088078212934e-07,12.179922219122698,8.210233054115747,9.037160768489736e-09,4.139638385404252e-46,-45.38303759464786,1.5884237581933808e-11,-10.799033625778943
ESO079-G014,28.7,16.67,178.0,3.232172e+66,66.50949446369391,3.3203407648060506e-37,-36.47881734259703,58.12197208018224,1.7605306563882867e-23,-22.754356408092036,5.555812224203899e-06,8.842349783724281e-07,9.05680700855896e-06,5.088093825033123e-06,5.754232697736693,17.378511654444022,3.1969436362999306e-07,1.146572880316949e-47,-46.940598334729486,3.4531783378081166e-11,-10.46178099213245
ESO116-G012,13.0,9.86,112.0,6.129155e+64,64.78740060434991,5.7608846862861755e-36,-35.239510817814754,47.18974176862788,1.6133395753849616e-24,-23.792274212775663,5.091312498416847e-07,8.103075509485887e-08,4.90906320662306e-07,4.3830921487705896e-07,5.409171053187781,18.487121042524087,2.7539780189169565e-08,1.385072368731445e-46,-45.85852753452759,2.4042702538876e-11,-10.619016716712839
ESO444-G084,4.83,4.44,62.7,6.009088e+62,62.7788085640789,2.65354680925743e-34,-33.57617324689915,48.20369376401306,1.7322699889614174e-25,-24.761384418566898,5.466628340364883e-08,8.700409224153153e-09,2.373528622555111e-08,3.785532093389332e-08,4.350981655989629,22.983319146459387,2.3785199629040632e-09,1.7982431346934518e-45,-44.745151589067184,6.776753017583561e-12,-11.16897834216803
ESO563-G021,60.8,42.41,312.0,4.318052e+67,67.6352878680068,1e-45,-45.0,31.473860665879304,1.4283642712621538e-23,-22.84516102167427,4.507574832678255e-06,7.174028159773673e-07,1.8694040210468738e-05,5.991679554637416e-06,8.351904148124285,11.973317488618271,3.764683294302615e-07,9.395486901193196e-48,-47.0270807085893,0.009395486901193196,-2.027080708589305
F561-1,66.4,9.66,50.4,1.54506e+65,65.1889453492385,1e-45,-45.0,9.938481635065461,4.324838531865088e-24,-23.364030102309925,1.3648152445318571e-06,2.1721709257441896e-07,1.289267235121825e-06,2.5580699109560016e-06,11.776559020462917,8.491444727296,1.6072827279256946e-07,2.377979681173101e-47,-46.62379186056346,0.02377979681173101,-1.623791860563459
F563-1,48.9,20.1,106.0,1.4313e+65,65.15573067127859,2.9288648581181435e-36,-35.53330066680512,56.22991898996966,4.447320482907019e-25,-24.351901573284817,1.4034676087138656e-07,2.2336880739617372e-08,2.7586106330604637e-07,2.602462861377796e-07,11.650968153140507,8.58297771357697,1.635175641308951e-08,2.219449005593139e-46,-45.6537548289418,7.577847094724544e-11,-10.120454162136685
F563-V1,54.0,7.87,27.3,9.805673e+63,63.9914774062808,1.1263829978098417e-37,-36.948313913611315,6.271510528557671,5.075854177491181e-25,-24.294490863098332,1.601817757915957e-07,2.549372141047015e-08,1.232763567549764e-07,4.5156174635522485e-07,17.71266497678799,5.645677831712367,2.8372461299835038e-08,1.3774368365974756e-46,-45.86092830691982,1.2228849683240845e-09,-8.9126143933085
F563-V2,59.7,10.47,118.0,1.357328e+65,65.13268480814406,9.092752342244323e-37,-36.041304637556884,65.14431486028775,2.9840128624127312e-24,-23.5251993091944,9.416828430687601e-07,1.4987347929922273e-07,9.641470886995757e-07,8.170738039826913e-07,5.451757094071337,18.34271011611059,5.133826120065379e-08,7.388324992725718e-47,-46.13145400935481,8.125509982714532e-11,-10.09014937179793
F565-V2,51.8,8.8,83.1,1.470806e+64,64.16755539285958,3.702477195732892e-35,-34.43150760770152,69.63555722082975,5.445820270182401e-25,-24.26393669589287,1.7185701775830814e-07,2.7351893881266377e-08,1.4789105191328944e-07,1.779675714961365e-07,6.5065904492276685,15.369032487955344,1.1182032303789577e-08,3.4510167274290606e-46,-45.462052935633885,9.320831824180742e-12,-11.03054532793237
F567-2,79.0,9.59,52.2,4.357447e+64,64.63923211345328,2.610665897842421e-36,-35.58324870382148,21.463774749563367,1.246614630767103e-24,-23.904267780360648,3.934016587189593e-07,6.261181860567319e-08,3.689323587774841e-07,7.067669708380922e-07,11.288076062592639,8.85890557837294,4.440747846769724e-08,8.613035918909704e-47,-46.06484374164349,3.299172033475417e-11,-10.481595037822009
F568-1,90.7,13.23,142.0,2.755108e+65,65.44013862782836,1.4015526994559329e-36,-35.85339056779123,72.33928295830573,3.0020299656237708e-24,-23.522584977036086,9.473686084316871e-07,1.5077839696199325e-07,1.2256621898989488e-06,8.631423872527807e-07,5.724575964754112,17.468542755951585,5.423283565590586e-08,6.861614698092913e-47,-46.16357367263808,4.895723650460318e-11,-10.310183104846852
F568-3,82.4,17.98,120.0,3.186613e+65,65.50332932353966,1.5287439373789285e-37,-36.81566525225695,41.390961722739746,1.3832994015298171e-24,-23.859083810953905,4.365360919371736e-07,6.947687686981925e-08,7.675413791711586e-07,6.396178159759656e-07,9.206197008170575,10.862248538810237,4.018837263550483e-08,9.082206928306219e-47,-46.04180860739015,5.940960226392067e-10,-9.226143355133205
F568-V1,80.6,17.63,118.0,1.453949e+65,65.16254917309315,7.917557699350756e-36,-35.10140876301531,80.98627581817003,6.694962733086852e-25,-24.174251836106755,2.1127695594566164e-07,3.3625771900160656e-08,3.642473475496152e-07,3.086841928386569e-07,9.179988306444859,10.893260063282922,1.9395199850024393e-08,1.883926602498345e-46,-45.724936021262295,2.3794289527600513e-11,-10.623527258246991
F571-8,53.3,15.55,144.0,1.165149e+65,65.06638146676981,1e-45,-45.0,61.30934981988842,7.81891000344849e-25,-24.106853785620697,2.467460343248261e-07,3.9270851051118554e-08,3.7520838000848376e-07,2.605613750058915e-07,6.634981622036173,15.071631798930524,1.6371554030555277e-08,2.248364063326858e-46,-45.64813336485907,0.22483640633268578,-0.6481333648590726
F571-V1,80.1,13.59,83.9,6.166027e+64,64.79000542209748,1.2723768983727274e-35,-34.89538422466396,47.07309463233567,6.19873370435107e-25,-24.207697020401937,1.9561715874842933e-07,3.113343776840453e-08,2.599670811560164e-07,3.09853493630532e-07,9.952434290600053,10.047793040386985,1.9468669185576224e-08,1.9077174897356207e-46,-45.71948593871637,1.4993336425515467e-11,-10.824101714052407
F574-1,96.8,12.6,99.7,1.330414e+65,65.1239868063338,2.1101122015253033e-36,-35.67569445123892,55.58883219964245,1.6781512419604484e-24,-23.77516890132083,5.295842563329105e-07,8.428595217902808e-08,6.525256163189329e-07,6.544890835696419e-07,7.7651028036020815,12.878129566245013,4.112276193594206e-08,9.082104185785204e-47,-46.041813520376905,4.3040859055836784e-11,-10.366119069137989
F574-2,89.1,10.83,40.0,7.78563e+64,64.89129376070035,1e-45,-45.0,32.69710001601022,1.5465512577852615e-24,-23.810635681477557,4.880544597268417e-07,7.767627976357122e-08,5.168787727591919e-07,1.2921969318979797e-06,16.635669677166966,6.011179708458234,8.119112776483927e-08,4.657593550207006e-47,-46.33183841331188,0.04657593550207006,-1.3318384133118786
F579-V1,89.5,15.16,114.0,3.212038e+65,65.5067806745558,1.5007646358858288e-36,-35.823687412587475,29.64453698067556,2.3261568661954453e-24,-23.633361001634242,7.340792792064938e-07,1.1683234590704907e-07,1.0882636455043983e-06,9.54617232898595e-07,8.170829965685027,12.238658792309868,5.998036971728886e-08,6.146717145197083e-47,-46.21135677144177,4.0957236053000235e-11,-10.387669358854296
F583-1,35.4,16.26,85.8,8.692752e+64,64.93915728959091,1.954442428205044e-36,-35.70897711800795,83.48535378404651,5.102130863133353e-25,-24.29224840648518,1.610110049264171e-07,2.5625697326232797e-08,2.5601655921741615e-07,2.983875981554967e-07,11.644077207219647,8.588057105804594,1.8748245725752238e-08,1.9580039481219712e-46,-45.70818643681998,1.0018222690346515e-10,-9.99920931881203
F583-4,53.3,7.29,69.9,1.320072e+64,64.12059761934974,6.667274352387318e-36,-35.17605167367653,43.601018774962554,8.597475800819104e-25,-24.065629037906128,2.7131570233192897e-07,4.318123516457577e-08,1.9341689724247934e-07,2.7670514626964136e-07,6.407995167693573,15.605504901776158,1.738589709462389e-08,2.269290045612755e-46,-45.64410999192522,3.4036248182890537e-11,-10.468058318248687
IC2574,3.91,10.23,67.5,2.091093e+64,64.32037334821158,2.8771105111305655e-36,-35.54104345633962,39.44285718419602,4.928359440745221e-25,-24.30729762522684,1.5552719588726138e-07,2.4752922010679145e-08,1.5558722330524967e-07,2.3049959008185136e-07,9.312015364586332,10.738813896323753,1.4482716377132061e-08,2.62461378128008e-46,-45.58093459511494,9.122394746834849e-11,-10.039891138775321
IC4202,100.4,25.9,247.0,1.733242e+67,67.23885920433374,1e-45,-45.0,21.560633945012608,2.5171890843633386e-23,-22.599084160211955,7.943644624870449e-06,1.2642703082134965e-06,2.011923788215423e-05,8.145440438119121e-06,6.442799759830795,15.521202540466083,5.117931168129651e-07,7.014248355378778e-48,-47.15401886100071,0.007014248355378778,-2.1540188610007056
KK98-251,6.8,3.13,34.2,4.112813e+62,62.61413896360245,2.2954443911056727e-35,-34.63913322388619,37.0933846598034,3.3842456445747697e-25,-24.470538121338837,1.0679867035323275e-07,1.6997536302358848e-08,3.268903784516372e-08,9.558198200340268e-08,5.623284475064674,17.783201337835553,6.005593049548835e-09,7.738128348273958e-46,-45.11136407114038,3.371080727661037e-11,-10.472230847254188
NGC0024,7.3,11.27,110.0,3.13058e+64,64.49562480638487,1.2874206103455843e-35,-34.89027954252124,40.493494518925814,5.518346745956751e-25,-24.258191014055388,1.7414577927020475e-07,2.7716161589443203e-08,1.9192379551391394e-07,1.7447617773992175e-07,6.295106094574723,15.885355782356465,1.0962661564283304e-08,3.4376079163103152e-46,-45.46374365920607,2.67015137763528e-11,-10.573464116684827
NGC0055,2.11,13.5,86.5,1.385052e+65,65.14146607873558,9.378188690784718e-37,-36.02788103342888,26.821321434894678,1.420432828353364e-24,-23.847579299051382,4.482545102404412e-07,7.134192106800284e-08,5.91766520620295e-07,6.841231452257746e-07,9.589356930459877,10.42822795367617,4.298472494384073e-08,8.644534988196319e-47,-46.06325836358057,9.217702131212919e-11,-10.035377330151693
NGC0100,13.5,9.62,91.2,2.932461e+64,64.46723224496577,2.6278418187337662e-36,-35.58040078040549,50.12601656900719,8.311185135910607e-25,-24.08033704344961,2.622810560450126e-07,4.1743326548926196e-08,2.467368127090217e-07,2.7054475077743607e-07,6.481149758401217,15.429361105315394,1.6998828030193496e-08,2.2493609675926232e-46,-45.647940845296084,8.559727421784029e-11,-10.067540064890593
NGC0247,3.7,14.54,107.0,1.992759e+65,65.29945477923292,8.215622952059468e-37,-36.08535950047182,28.268986766052585,1.635752103157096e-24,-23.786282512638078,5.162041057059038e-07,8.215643506742585e-08,7.339691659958429e-07,6.859524915849e-07,8.349345867088052,11.976986172555858,4.309966616549472e-08,8.577489741024496e-47,-46.06663979270276,1.0440461777611539e-10,-9.981280292230938
NGC0289,20.8,71.12,165.0,5.504732e+66,66.74073618002814,1.328368770706301e-36,-35.8766813430024,35.06173046982046,3.86115169087235e-25,-24.413283136160274,1.2184868059987328e-07,1.9392819826695364e-08,8.474313640744412e-07,5.135947661057219e-07,26.483758973448943,3.775899036849494,3.227011088239808e-08,1.0858052416995799e-46,-45.964248066128754,8.173974468868697e-11,-10.087566723126352
NGC0300,2.08,11.8,93.5,3.240149e+64,64.51056498193189,1.1945231993166883e-35,-34.922805411223955,34.40945381463775,4.975937166900693e-25,-24.30312511228842,1.5702863473818531e-07,2.4991883425553904e-08,1.8119775674525534e-07,1.937943922409148e-07,7.754293221564981,12.896081840430826,1.2176460779419137e-08,3.083133911918508e-46,-45.51100761184688,2.581058211077169e-11,-10.58820220062292
NGC0801,80.7,59.82,216.0,6.655067e+67,67.82315243209977,1e-45,-45.0,17.801415021662432,7.844569837123887e-24,-23.105430866288064,2.4755579709202076e-06,3.9399728798249354e-07,1.4481430493887333e-05,6.704365969392283e-06,17.01627441072685,5.876727042963131,4.212477375284042e-07,8.33987461073441e-48,-47.0788404788917,0.00833987461073441,-2.0788404788916983
NGC0891,9.91,17.11,208.0,7.093857e+66,66.85088242959168,1e-45,-45.0,23.60335996286652,3.573455092173574e-23,-22.44691167133356,1.1276966641677677e-05,1.794784984105413e-06,1.8868364611119925e-05,9.071329139961502e-06,5.054270689969578,19.785248185945875,5.699684196879615e-07,6.421480286519288e-48,-47.192364846360654,0.006421480286519288,-2.192364846360657
NGC1003,11.4,30.24,115.0,2.47143e+65,65.39294831415174,9.327249780862248e-36,-35.03024639280961,42.02165079109633,2.2550640490626314e-25,-24.646841118637706,7.11644092346989e-08,1.1326167501916854e-08,2.1044402029951617e-07,1.8299480026044883e-07,16.15681564213831,6.189338432456439,1.1497902402867152e-08,3.1052229613512148e-46,-45.50790721113697,3.3291946010951103e-11,-10.477660818327358
NGC1090,37.0,30.09,160.0,4.84383e+66,66.68518889265485,5.915078626805635e-38,-37.22803947809254,29.043869847642114,4.4861961376923045e-24,-23.348121742867328,1.4157358323483868e-06,2.253213558305646e-07,4.1657803454283625e-06,2.603612715892726e-06,11.555108508447692,8.654180956145254,1.6358981162083118e-07,2.1828584802262373e-47,-46.66097441969586,3.6903287647506104e-10,-9.432934941603323
NGC1705,5.73,6.0,71.5,1.823347e+63,63.26086932682529,2.1883748406763526e-34,-33.6598782868658,22.972441386081286,2.1299602735446075e-25,-24.67162849662758,6.721643432841131e-08,1.0697827780378423e-08,3.943834442495196e-08,5.5158523671261476e-08,5.156048947846336,19.394695630608716,3.4657122549698747e-09,1.1700352999296288e-45,-44.93180103540479,5.3465945512698845e-12,-11.271922748538993
NGC2366,3.27,6.06,49.4,3.30492e+63,63.51916095127127,1.3577634643302602e-35,-34.867175881810724,54.33976424808503,3.747132122871423e-25,-24.426300993529534,1.1825049668072722e-07,1.88201510698095e-08,7.007571737095814e-08,1.4185367888857922e-07,7.5373294487595786,13.26729854119048,8.91292950962092e-09,4.54264933009487e-46,-45.34269078726259,3.345685349057178e-11,-10.475514905451865
NGC2403,3.16,20.87,134.0,2.100832e+65,65.32239132399559,4.620257354996846e-37,-36.335333832941245,25.150371261220478,5.831494958442292e-25,-24.234220095502717,1.8402798530053847e-07,2.9288963527823353e-08,3.7557638312938326e-07,2.802808829323756e-07,9.569505000274928,10.449861303915618,1.7610567255240242e-08,2.057112556162339e-46,-45.68674194496893,4.452376562828378e-10,-9.351408112027684
NGC2683,9.81,34.62,151.0,6.470437e+66,66.81093361301484,1e-45,-45.0,16.949354881436715,3.9346703267477825e-24,-23.40509164990522,1.2416875230337581e-06,1.9762070706635427e-07,4.203696327932573e-06,2.783904852935479e-06,14.0871110839652,7.098687545228918,1.7491790068550147e-07,2.0327683261610223e-47,-46.69191211491984,0.020327683261610222,-1.6919121149198362
NGC2841,14.1,63.64,294.0,1.711831e+67,67.23346088686549,1.291959769133426e-36,-35.88875100980486,27.749639057853525,1.6758158806535227e-24,-23.775773698360084,5.28847272353116e-07,8.416865753566426e-08,3.2911857528182253e-06,1.1194509363327295e-06,13.300092565434964,7.51874466346841,7.033717675274238e-08,4.989762686843302e-47,-46.30192010893478,3.862165685074044e-11,-10.41316909912992
NGC2903,6.6,24.96,180.0,2.029176e+66,66.30731971707469,1e-45,-45.0,39.88483551188444,3.292622197856195e-24,-23.4824580982584,1.0390725427106666e-06,1.6537353140346715e-07,2.5361936128050206e-06,1.4089964515583448e-06,8.520084439152301,11.736972880276927,8.852985802299565e-08,4.0607394344161065e-47,-46.39139487700241,0.040607394344161066,-1.3913948770024087
NGC2915,4.06,10.04,86.5,4.700836e+63,63.67217510004223,1.7923279474437988e-34,-33.746582523281944,68.00757689350884,1.172006146499443e-25,-24.931070110686708,3.698570116877082e-08,5.886457164729566e-09,3.63127821196967e-08,4.1980094936065546e-08,7.13164026531979,14.022019658827519,2.6376871569629117e-09,1.4436362059960974e-45,-44.840542234490655,8.054531583101171e-12,-11.093959711208711
NGC2955,97.9,35.43,227.0,3.4025e+67,67.53179813387537,1e-45,-45.0,14.373065377967107,1.9303702000988868e-23,-22.714359395426097,6.091785062664063e-06,9.69537704976357e-07,2.11060847960808e-05,9.297834711929868e-06,9.589967119593974,10.427564427794811,5.842001845058208e-07,6.082438046512426e-48,-47.215922305939245,0.006082438046512426,-2.2159223059392428
NGC2976,3.58,2.27,85.3,1.216545e+64,64.085128178117,1e-45,-45.0,11.558526427793488,2.6242580267124472e-23,-22.5809934657643,8.281528510378073e-06,1.318046198783131e-06,1.838350481388657e-06,2.1551588292950256e-06,1.635116304181711,61.15772911337014,1.3541262290864864e-07,3.7994079534219913e-47,-46.42028407248688,0.03799407953421991,-1.4202840724868766
NGC2998,68.1,42.28,203.0,2.234057e+67,67.3490942495628,2.727778592422915e-37,-36.56419088327922,54.28727488459023,7.458392617792254e-24,-23.127354758645314,2.3536897087524083e-06,3.746013516524693e-07,9.731418318704716e-06,4.793802127440746e-06,12.79707642883287,7.814284813888565,3.0120347092661943e-07,1.1744076868132587e-47,-46.93018111484485,4.3053629428556586e-11,-10.365990231565634
NGC3109,1.33,6.45,67.3,2.083339e+63,63.3187599439038,1.5990787209746163e-35,-34.79613015586393,57.28069943851967,1.95901033735153e-25,-24.707963272303946,6.182166462200464e-08,9.839223514761387e-09,3.8993513061880996e-08,5.793984110234918e-08,5.8886599146187075,16.981792368709925,3.640467583146002e-09,1.1019458808918623e-45,-44.95783973416589,6.891129663836947e-11,-10.161709578301958
NGC3198,13.8,44.08,149.0,1.887833e+66,66.27596357344387,5.660940215245819e-37,-36.247111431641805,51.498363708137,5.561535882722985e-25,-24.254805256389243,1.7550872477261887e-07,2.793308110331728e-08,7.565406202783844e-07,5.077453827371708e-07,18.17720647640521,5.5013953948206655,3.190258328602467e-08,1.1077413299547441e-46,-45.955561640409464,1.956815101087659e-10,-9.708450208767655
NGC3521,7.7,17.74,206.0,2.502308e+66,66.39834076437735,1e-45,-45.0,24.582092303051837,1.1309303148457414e-23,-22.946564154411714,3.568944650377597e-06,5.680151827289708e-07,6.191350388163161e-06,3.005509897166583e-06,5.291249228104993,18.899128672457937,1.8884175626459904e-07,1.9342457902101592e-47,-46.71348833968969,0.019342457902101592,-1.7134883396896916
NGC3726,18.0,32.52,167.0,3.931762e+66,66.59458722095688,1e-45,-45.0,20.607192242348596,2.884639445410228e-24,-23.539908462111143,9.103229776247781e-07,1.4488240169911628e-07,2.894929531239896e-06,1.7334907372693986e-06,11.964812268017312,8.357841122781862,1.0891843530542993e-07,3.2705359280336433e-47,-46.485381075622044,0.03270535928033643,-1.4853810756220474
NGC3741,3.21,7.0,51.6,5.056324e+62,62.703834894962576,1.738015386707493e-34,-33.75994638304697,46.658489018717425,3.719603970408234e-26,-25.429503297382134,1.1738177425655487e-08,1.8681889601827695e-09,8.035088496875867e-09,1.5571876931929973e-08,8.335279387587505,11.997198336136778,9.784098834391116e-10,4.053898490591188e-45,-44.392127130218256,2.3324871123672375e-11,-10.632180747171283
NGC3769,18.0,37.16,113.0,4.59185e+65,65.66198769270954,9.852961041160993e-37,-36.00643323441744,30.592205218773117,2.257961353641139e-25,-24.646283495557213,7.125584121366561e-08,1.1340719353326081e-08,2.5893343427942634e-07,2.2914463210568707e-07,20.205475946151687,4.9491534011128255,1.4397581856655245e-08,2.4648297005166036e-46,-45.60821308153112,2.501613159962488e-10,-9.601779847113677
NGC3877,18.0,11.35,169.0,5.17013e+66,66.7135014633208,1e-45,-45.0,26.28199695484617,8.922155876944512e-23,-22.049530193568568,2.8156182630226415e-05,4.481195644198697e-06,3.1250832396144614e-05,1.8491616802452436e-05,4.1264917380680455,24.233660539647254,1.1618625499916431e-06,3.241585479738952e-48,-47.48924252168117,0.0032415854797389525,-2.4892425216811698
NGC3893,18.0,19.05,167.0,3.801592e+66,66.57996550504475,1e-45,-45.0,17.36117326667785,1.3875111848914236e-23,-22.8577635072921,4.378652296832959e-06,6.968841571216465e-07,8.156942379075248e-06,4.884396634176796e-06,7.008907555526746,14.267558704087461,3.068956916629707e-07,1.1857142134688624e-47,-46.926019974099695,0.011857142134688624,-1.9260199740996922
NGC3917,18.0,14.86,137.0,9.015542e+65,65.95499184093457,1.53356624227191e-37,-36.81429745996071,25.50040845159932,6.93252333920544e-24,-23.15910865964104,2.1877379852930957e-06,3.4818931454930044e-07,3.179113779883495e-06,2.32052100721423e-06,6.6645382562010385,15.004790452955195,1.458026349753002e-07,2.531900846332746e-47,-46.59655330605347,1.650988901908696e-10,-9.782255846092756
NGC3949,18.0,7.07,169.0,1.42293e+66,66.15318353581057,1e-45,-45.0,19.131223336269446,1.015970790738958e-22,-21.993118777882064,3.206159982582374e-05,5.102762095714099e-06,2.21664710317584e-05,1.311625504837775e-05,2.570422606884677,38.90410850424276,8.241186100518716e-07,4.806516794647974e-48,-47.31816953586305,0.004806516794647974,-2.3181695358630474
NGC3953,18.0,15.68,215.0,1.584885e+67,67.1999977550854,1e-45,-45.0,8.186018179771313,1.0373265836528125e-22,-21.984084492261786,3.2735537396282e-05,5.210022591387874e-06,5.019465664655245e-05,2.3346351928629044e-05,4.481046198767043,22.316217143111565,1.4668945541420585e-06,2.5080331685956003e-48,-47.60066672428359,0.0025080331685956004,-2.6006667242835904
NGC3972,18.0,8.72,134.0,4.09904e+65,65.61268215634882,3.780179096876619e-37,-36.422487623722915,18.68213089130628,1.559870803146291e-23,-22.80691137075081,4.922577885736939e-06,7.83452603269885e-07,4.1975998523002445e-06,3.1325372032091384e-06,3.9983748731383506,25.010161171183366,1.9682311729397085e-07,1.9625467931517407e-47,-46.707179979543056,5.1916767509065885e-11,-10.284692355820141
NGC3992,23.7,46.02,237.0,4.075555e+67,67.61018675835821,3.0470667229573035e-37,-36.51611803573633,12.157697505524613,1.0551223998891496e-23,-22.976697156941604,3.3297130646741828e-06,5.2994029332056e-07,1.4984607755318528e-05,6.322619306041574e-06,11.930814444066119,8.381657469305104,3.97261887266104e-07,8.887437018718039e-48,-47.05122346390157,2.9167188731897594e-11,-10.53510542816524
NGC4010,18.0,10.47,122.0,3.994208e+65,65.6014306771847,1.2438513633239123e-37,-36.90523151349164,16.17844620349401,8.781052219619599e-24,-23.056453440153778,2.7710893352586745e-06,4.4103256545565244e-07,2.837194852578415e-06,2.3255695512937828e-06,5.273010959839491,18.96449689970756,1.461198443551332e-07,2.595840147420377e-47,-46.585722055026814,2.0869375746661398e-10,-9.68049054153517
NGC4013,18.0,31.01,170.0,4.325481e+66,66.63603440868653,2.5545466037174254e-37,-36.59268616988417,17.848971571355243,3.660033307823638e-24,-23.436514962327397,1.1550186711497523e-06,1.838269308769154e-07,3.5025369505413556e-06,2.0603158532596213e-06,11.207910850881486,8.922269397970375,1.2945346297350026e-07,2.75579466709885e-47,-46.55975314462654,1.0787803452434826e-10,-9.967066974742375
NGC4051,18.0,12.19,153.0,4.198384e+66,66.62308215827072,1e-45,-45.0,19.64871325505872,5.84826399963779e-23,-22.23297303088637,1.8455717599496954e-05,2.937318684268029e-06,2.2000198354813422e-05,1.4379214610989167e-05,4.895353945761055,20.427532126985664,9.034726997254917e-07,4.144460960442769e-48,-47.38253194693,0.004144460960442769,-2.3825319469299995
NGC4068,4.37,2.33,41.9,1.337719e+63,63.12636489552001,4.038463268495795e-36,-35.39378386285375,40.43081514341867,2.6684130759078837e-24,-23.573746939859987,8.420871248427063e-07,1.340223284327587e-07,1.918690401274653e-07,4.5792133681972624e-07,3.4167540750455867,29.267543933101418,2.8772046153497384e-08,1.7715668082548603e-46,-45.75164246517143,4.3867349793049254e-11,-10.357858602317675
NGC4085,18.0,6.2,136.0,6.163729e+65,65.78984353588807,1e-45,-45.0,38.84877243243691,6.5256592887545e-23,-22.18537560490864,2.0593414557079902e-05,3.2775437218998608e-06,1.248567443035976e-05,9.180642963499823e-06,2.8010741404170107,35.70059019755631,5.768368097872374e-07,6.994883959310203e-48,-47.15521948578249,0.006994883959310203,-2.155219485782485
NGC4088,18.0,21.48,174.0,1.308757e+67,67.1168590175547,1e-45,-45.0,28.45006421314554,3.332054637621476e-23,-22.47728788582979,1.0515164743220349e-05,1.673540446309139e-06,2.2087283873931334e-05,1.2693841306857088e-05,7.585022121725442,13.183877172035457,7.975775719091378e-07,4.536084573788588e-48,-47.34331885676345,0.004536084573788588,-2.3433188567634553
NGC4100,18.0,22.76,159.0,2.237053e+66,66.34967627347297,7.2834521243777484e-37,-36.137662730135276,14.406837320073503,4.78757320873924e-24,-23.31988457199807,1.5108432029210943e-06,2.4045816398168363e-07,3.3626650298857314e-06,2.1148836665947998e-06,8.79522504694786,11.36980571460218,1.3288205980342538e-07,2.7156625795180195e-47,-46.56612419203395,3.728537694960174e-11,-10.428461461898676
NGC4138,18.0,18.58,150.0,1.188706e+66,66.07507445481541,1.01434382491906e-37,-36.993814810333014,16.820677742413206,4.6762018948203345e-24,-23.330106746459396,1.4756970891598218e-06,2.3486448624610706e-07,2.6812350310098095e-06,1.7874900206732064e-06,7.610729273050469,13.139345312688915,1.1231131034624025e-07,3.244210916377352e-47,-46.48889091868987,3.1983345653395434e-10,-9.495076108356855
NGC4157,18.0,29.61,185.0,5.5557e+66,66.74473878640643,1e-45,-45.0,20.689145829411892,5.3998225965928166e-24,-23.267620508063402,1.7040544157423747e-06,2.712086835629706e-07,4.934166735046596e-06,2.6671171540792416e-06,9.834187899297024,10.168607822426118,1.6757991315037323e-07,2.1320136915619495e-47,-46.671210010644195,0.021320136915619497,-1.671210010644194
NGC4183,18.0,21.02,113.0,3.636252e+65,65.56065397312447,2.2065000051384993e-36,-35.6562960672054,26.79835697743892,9.87897225555789e-25,-24.00528823425413,3.1175665485199367e-07,4.961761266148871e-08,6.408264061612977e-07,5.671030143020333e-07,11.429469978151467,8.749312102062444,3.5632133271197904e-08,1.0163529233693503e-46,-45.99295545931865,4.6061768456943876e-11,-10.336659392113246
NGC4214,2.87,5.63,80.6,3.262614e+63,63.513565695428625,9.252196611789513e-35,-34.033755146923035,24.88066861651983,4.613137915459488e-25,-24.336003561427354,1.4557956108090433e-07,2.3169706759174432e-08,8.014948850801793e-08,9.944105273947633e-08,4.291856335216716,23.299941141890656,6.24806561503148e-09,6.555802050160299e-46,-45.183374168252996,7.0856709225208615e-12,-11.149619021329961
NGC4217,18.0,16.72,178.0,3.938952e+66,66.59538068853645,1e-45,-45.0,39.326713615209755,2.1263159499052935e-23,-22.672372203074485,6.7101428220731295e-06,1.067952398985539e-06,1.0971348027793734e-05,6.16367866729985e-06,5.771491943980654,17.326542421027625,3.872753524055468e-07,9.463268105570904e-48,-47.02395885565857,0.009463268105570903,-2.023958855658573
NGC4389,18.0,5.32,110.0,5.413045e+65,65.73344163750497,1e-45,-45.0,98.93533792593135,9.071156680679975e-23,-22.04233733168212,2.862639340662264e-05,4.556032013557234e-06,1.489258962281971e-05,1.3538717838927009e-05,2.971602876942105,33.651872117886725,8.506627300359634e-07,4.861077591942498e-48,-47.313267446713255,0.004861077591942498,-2.3132674467132532
NGC4559,9.0,20.97,119.0,7.804077e+65,65.8923215457699,5.1420048204903555e-37,-36.288867520553644,24.30427428327196,2.1354144739694774e-24,-23.67051781792806,6.738855580373918e-07,1.0725221763989122e-07,1.3818997372806585e-06,1.1612602834291247e-06,10.827377829409164,9.235846534179446,7.296413550653078e-08,4.963923053642645e-47,-46.30417495917117,9.653672501165161e-11,-10.015307438617528
NGC5005,16.9,11.47,265.0,9.00931e+66,66.9546915307496,1e-45,-45.0,21.456874040714712,1.506458612864434e-22,-21.82204279525614,4.754021832133066e-05,7.566260741507662e-06,5.332324177356691e-05,2.01219780277611e-05,2.6594349197317735,37.60197298232281,1.2643011669541901e-06,2.976310115184572e-48,-47.526321819666265,0.002976310115184572,-2.5263218196662653
NGC5033,15.7,44.59,196.0,5.106962e+66,66.70816262635923,1.7802397086848644e-36,-35.74952151614617,30.77976246622411,1.4534702167378521e-24,-23.837593862991543,4.586803171172644e-07,7.300123976817073e-08,2.000043912719558e-06,1.0204305677140602e-06,13.978263532984247,7.153964422264029,6.411554350057908e-08,5.510480272343179e-47,-46.25881054805589,3.095358588767799e-11,-10.509289031909727
NGC5055,9.9,54.59,172.0,9.981265e+66,66.99918558614753,1e-45,-45.0,28.762060832092196,1.5481114791837598e-24,-23.810197769072285,4.885468281548942e-07,7.775464263271815e-08,2.608021978317075e-06,1.5162918478587645e-06,19.500981504360084,5.127947020391857,9.527142659862374e-08,3.6933795639568972e-47,-46.43257605815964,0.03693379563956897,-1.4325760581596385
NGC5371,39.7,46.24,213.0,8.164306e+67,67.91191927380261,1e-45,-45.0,13.887501378759696,2.0836353902984283e-23,-22.68117827473675,6.575453219288168e-06,1.0465158829192284e-06,2.973277691806743e-05,1.3959050196275789e-05,13.338593731933996,7.497042192730519,8.770729909542237e-07,4.0250685587838574e-48,-47.395226717917744,0.004025068558783857,-2.395226717917743
NGC5585,7.06,10.96,89.4,5.238037e+64,64.71916856183245,1e-45,-45.0,26.033107671538218,1.0039054850200547e-24,-23.99830717291454,3.168084773406888e-07,5.042163518218734e-08,3.39546535014199e-07,3.798059675774038e-07,7.532599175037851,13.275630054946804,2.3863912750614703e-08,1.5829738062003642e-46,-45.800526271440084,0.15829738062003643,-0.8005262714400828
NGC5907,17.3,50.33,214.0,1.693895e+67,67.22888648608092,5.233146345718054e-37,-36.28123711998055,14.874844541109924,3.352444699049662e-24,-23.47463837741243,1.057951088347296e-06,1.6837814525992265e-07,5.206962796959811e-06,2.4331601854952387e-06,14.45057006501175,6.920142219311034,1.5287996327518039e-07,2.305170446216079e-47,-46.63729695699262,4.40494168121679e-11,-10.356059837012069
NGC5985,39.7,34.72,285.0,2.574638e+67,67.41071617487069,5.503354538590549e-37,-36.259372508051335,12.337988560234322,1.55214736893935e-23,-22.809067046944616,4.898204581004042e-06,7.795734713421594e-07,1.663062578205861e-05,5.835307291950389e-06,7.485256369619634,13.359595859117052,3.666431703966058e-07,9.697123455991121e-48,-47.01335707526595,1.762038659874279e-11,-10.753984567214617
NGC6015,17.0,29.23,152.0,1.019964e+66,66.00858484345088,2.0620047994201165e-37,-36.685710328209026,23.09459942300182,1.030515017557246e-24,-23.98694567492337,3.2520580718064547e-07,5.175811173498952e-08,9.295634993042996e-07,6.115549337528286e-07,11.815634559546833,8.463362631607602,3.842512974288958e-08,9.302166297185696e-47,-46.031415900762525,4.5112243675677573e-10,-9.345705572553497
NGC6195,127.8,36.43,246.0,4.592695e+67,67.66206760496175,1e-45,-45.0,17.132901006104635,2.396878495218259e-23,-22.620353981065936,7.563973280069974e-06,1.2038437369381536e-06,2.6946422313035246e-05,1.0953830208550911e-05,9.099046556001358,10.990162473016921,6.8824945023707e-07,5.1589539796773135e-48,-47.28743834622271,0.005158953979677313,-2.287438346222707
NGC6503,6.26,23.5,115.0,2.167791e+65,65.3360174088986,1.002748170722879e-35,-34.998808121613266,30.529851305860735,4.214729915443211e-25,-24.375230250218554,1.330067607795907e-07,2.1168683442713096e-08,3.056564281978571e-07,2.6578819843291926e-07,12.55572644147653,7.9644933701056475,1.6699965032154505e-08,2.1579354582311665e-46,-45.66596154878806,2.1520213362000105e-11,-10.667153427174796
NGC6674,51.2,72.41,242.0,3.356157e+67,67.52584226879516,1.1116720455730837e-36,-35.95402331509643,30.746627994430316,2.2305016767431407e-24,-23.65159744594847,7.038927971398934e-07,1.1202801807159476e-07,4.984217931104279e-06,2.059594186406727e-06,18.384634682106785,5.439324834522114,1.294081193078324e-07,2.7069661807883626e-47,-46.56751717001034,2.435040254513984e-11,-10.613493854913909
NGC6789,3.52,0.71,60.4,4.656418e+61,61.668051959387775,1.1110445977161357e-33,-32.954268507977865,34.3217079204156,3.2827124399059536e-24,-23.483767159071387,1.0359452609357613e-06,1.6487580905054976e-07,7.192619918580339e-08,1.1908311123477383e-07,0.7222594504343798,138.45440158638036,7.482212548435632e-09,1.3411929324353712e-45,-44.87250874380004,1.2071459014267551e-12,-11.918240235822172
NGC6946,5.52,20.4,154.0,2.717306e+66,66.43413854774012,1e-45,-45.0,14.880048491376327,8.076142497865174e-24,-23.092796026839522,2.5486367449063e-06,4.0562813609747557e-07,5.084287052676033e-06,3.3014850991402813e-06,8.139191553386002,12.286232526177466,2.0743842666790553e-07,1.7482771511234132e-47,-46.75738971834783,0.017482771511234133,-1.7573897183478333
NGC7331,14.7,36.31,238.0,1.837628e+67,67.2642575995971,1e-45,-45.0,23.007080986830847,9.685784018277604e-24,-23.01386521944352,3.0566009773519732e-06,4.86473154605085e-07,1.0853178634334942e-05,4.560159090056698e-06,9.373917238575268,10.667898750853372,2.8652324593045677e-07,1.2393287616767625e-47,-46.90681347131354,0.012393287616767626,-1.9068134713135436
NGC7793,3.61,7.87,90.8,8.020696e+64,64.9042120560453,1e-45,-45.0,16.789043672886823,4.1518703813585065e-24,-23.38175621333384,1.3102306474675921e-06,2.085296841349618e-07,1.008357286153854e-06,1.110525645543892e-06,5.325503897206081,18.777565828552486,6.977638419327508e-08,5.6009312880239015e-47,-46.25173975520398,0.05600931288023902,-1.2517397552039793
NGC7814,14.4,19.53,214.0,2.334107e+66,66.36812076106857,2.0269656699210082e-36,-35.693153606753526,21.91639326874947,7.906239369254621e-24,-23.10203004109693,2.495019395191896e-06,3.970946698549414e-07,4.76505726164441e-06,2.226662271796453e-06,5.607383933432933,17.833628156575745,1.399053167020259e-07,2.5977086900591274e-47,-46.585409552798524,1.2815750797399352e-11,-10.892255946044994
PGC51017,13.6,3.63,18.3,5.100108e+62,62.70757937282488,1e-45,-45.0,20.330471110663385,2.690391148207489e-25,-24.570184574585394,8.490228769867266e-08,1.3512618767053973e-08,3.013824591262697e-08,1.6468986837501079e-07,12.187857232866824,8.204887708261909,1.0347769612152074e-08,4.322224856251103e-46,-45.36429264344794,0.4322224856251103,-0.3642926434479427
UGC00128,64.5,53.75,125.0,1.249631e+66,66.0967817903504,5.3107165038285464e-36,-35.27484688142949,68.07219366111542,2.030496813528609e-25,-24.692397687714465,6.407760624261043e-08,1.0198267775007541e-08,3.368035827020242e-07,2.6944286616161937e-07,26.42045415025594,3.784946293174574,1.6929594577910426e-08,2.079041909827653e-46,-45.682136755967505,3.914804920068416e-11,-10.407289874538014
UGC00191,17.1,9.98,83.85,3.889408e+64,64.5898835031512,3.756928692150655e-36,-35.425167047922876,32.599232371995,9.872969763982893e-25,-24.005552193012853,3.1156723062386654e-07,4.958746485924091e-08,3.0407048722267905e-07,3.6263623997934297e-07,7.313062706648203,13.674161430216017,2.278510694889058e-08,1.672159364797733e-46,-45.77672233457997,4.450867987703288e-11,-10.351555286657094
UGC00634,30.9,18.01,107.5,1.660802e+65,65.22031785916236,1.8353082449750617e-35,-34.736290984355065,37.02719795367964,7.173525532268327e-25,-24.144267351598174,2.2637924933711096e-07,3.602937654543388e-08,3.986963712643668e-07,3.7088034536220175e-07,10.293831892830923,9.714555380455007,2.3303099367014766e-08,1.566170281763616e-46,-45.80516102107123,8.533554437254202e-12,-11.068870036716161
UGC00731,12.5,10.91,73.9,2.827614e+64,64.45142012326076,1.083290738340643e-35,-34.965254969864446,36.08888897575018,5.494166280788841e-25,-24.260098200806205,1.7338270182262192e-07,2.759471404169845e-08,1.849790188248317e-07,2.503099036871877e-07,9.070936676819471,11.024219831183174,1.5727435090888752e-08,2.4028747861734274e-46,-45.6192688596958,2.218125477426392e-11,-10.654013889831353
UGC00891,10.2,7.39,63.75,7.44106e+63,63.8716348064276,5.082331562495947e-35,-34.2939370057427,55.71907991047171,4.652189737663725e-25,-24.332342581058814,1.4681194286529678e-07,2.33658464119369e-08,1.0609569914987959e-07,1.6642462611745817e-07,7.122559276621664,14.039897193727741,1.0456767655740695e-08,3.766473580160345e-46,-45.424065074569064,7.410916690194489e-12,-11.130128068826362
UGC01230,53.7,36.54,103.0,7.152372e+65,65.85445009434292,4.560021878903207e-37,-36.34103307359343,58.5282726486515,3.6991368040368485e-25,-24.431899607008567,1.1673587960707326e-07,1.857909227564609e-08,4.171236919169969e-07,4.0497445817184163e-07,21.79732207383951,4.587719521748821,2.544529565368329e-08,1.3952904531568515e-46,-45.855335377284256,3.05983280389973e-10,-9.514302303690824
UGC01281,5.27,4.99,56.9,2.322637e+63,63.36598134014221,1.443158382178264e-35,-34.84068600381193,102.74984462169961,4.716671508611683e-25,-24.3263643690299,1.4884683280016406e-07,2.368970920371897e-08,7.263268489512252e-08,1.2764970983325573e-07,5.388403409072511,18.558372936894248,8.0204678129005e-09,5.214481745962204e-46,-45.28278884851325,3.613242877813319e-11,-10.442102844701315
UGC02023,10.4,3.78,58.8,8.203043e+63,63.913974988110006,1.9492600308634465e-37,-36.71013022222852,16.621573673066987,3.8322648545392825e-24,-23.416544483703607,1.2093708137360887e-06,1.9247734303716636e-07,4.470367610938909e-07,7.602666004998145e-07,3.9499017832608536,25.3170852054566,4.776895933799807e-08,9.273110017093615e-47,-46.03277458767381,4.7572462730824e-10,-9.322644365445296
UGC02259,10.5,8.14,90.0,2.348775e+64,64.37084141569689,2.99563309884643e-35,-34.52351137952533,24.622340737800677,1.0988138598147846e-24,-23.959075871272663,3.467592826249105e-07,5.518845389275408e-08,2.7602248111101786e-07,3.066916456789087e-07,5.557170459511198,17.99476923167764,1.9270004419644472e-08,2.02005928342461e-46,-45.69463588496606,6.743346787704083e-12,-11.17112450544073
UGC02455,6.92,4.03,61.0,2.717821e+64,64.43422085001524,1e-45,-45.0,107.9078406183526,1.047759577280998e-23,-22.97973836071003,3.3064777636002824e-06,5.262422803004203e-07,1.3030545803621314e-06,2.136155049773986e-06,4.059261541194489,24.635022647635008,1.3421858022597386e-07,3.2526768996310773e-47,-46.4877590746451,0.032526768996310775,-1.4877590746450997
UGC02487,69.1,80.38,333.0,1.090002e+68,68.0374272948105,8.507526748829745e-37,-36.07019667674865,23.33092458544812,5.295893183544523e-24,-23.276060783059485,1.6712567872902463e-06,2.6598877887312297e-07,1.3136604971719507e-05,3.944926417933786e-06,14.831176091888901,6.742553616815966,2.4786703707066156e-07,1.4113501059655097e-47,-46.85036523980458,1.6589428956654745e-11,-10.780168563055934
UGC02885,80.6,74.07,298.0,9.742876e+67,67.98868717521137,2.7083311561681866e-38,-37.56729823418796,20.579252530284577,6.0494524712584446e-24,-23.21828393104535,1.909062013069855e-06,3.038366560490319e-07,1.3827839668693045e-05,4.640214653923841e-06,15.272069915010588,6.547900877648036,2.915532853569368e-07,1.2011380126215782e-47,-46.92040708862011,4.434974688697145e-10,-9.353108854432149
UGC02916,65.4,38.0,181.0,9.371544e+66,66.97181114856537,1e-45,-45.0,15.630345515982194,4.309394831133015e-24,-23.365583713586997,1.3599415832296324e-06,2.164414252872142e-07,5.053541130573063e-06,2.792011674349759e-06,12.899617855707637,7.752167631520451,1.754272672974828e-07,2.021735894040948e-47,-46.694275578345476,0.02021735894040948,-1.6942755783454777
UGC02953,16.5,62.39,272.0,1.958168e+67,67.29184994913363,4.2216690234407556e-38,-37.37451581814532,22.404826205810146,2.0345151114408667e-24,-23.6915390800594,6.42044140808063e-07,1.021844986927921e-07,3.917164656194274e-06,1.4401340647773068e-06,14.093469001662687,7.095485149057512,9.048629196177589e-08,3.879874524443407e-47,-46.41118231930863,9.190380635953365e-10,-9.036666501163307
UGC03205,50.0,40.04,220.0,6.478974e+66,66.81150623713329,7.171488032613737e-37,-36.14439072197476,26.575730397082104,2.546712725530521e-24,-23.594020041590493,8.036814150720197e-07,1.279098698798012e-07,3.1468058505832694e-06,1.430366295719668e-06,11.182610826387394,8.94245552783004,8.987256493150707e-08,3.941118277478895e-47,-46.4043805312634,5.4955376897456885e-11,-10.259989809288637
UGC03546,28.7,29.23,193.0,4.897174e+66,66.68994553507751,2.8221428912046623e-37,-36.54942100075508,32.70453893969982,4.947832816247328e-24,-23.305584983296736,1.5614172888200666e-06,2.485072797448592e-07,4.463132228335544e-06,2.312503745251577e-06,9.305577476948802,10.746243341449125,1.4529889554962472e-07,2.460011450928185e-47,-46.60906287132615,8.716821031971568e-11,-10.059641870571072
UGC03580,20.7,27.06,124.0,3.46428e+65,65.53961298656141,1e-45,-45.0,41.130971039736615,4.41149242135242e-25,-24.35541446252535,1.3921611323607113e-07,2.215693257956176e-08,3.683912034686639e-07,2.9708968021666444e-07,13.408430031994104,7.457994691502893,1.866669513652028e-08,1.9200063339342597e-46,-45.71669733859429,0.19200063339342596,-0.7166973385942835
UGC04278,9.51,6.69,92.8,3.569468e+64,64.55260349289618,3.230476507319871e-36,-35.49073341288985,60.42919728876939,3.0080224088334483e-24,-23.52171893270923,9.492596796900243e-07,1.5107937030049663e-07,6.210164535798555e-07,6.69198764633465e-07,4.429451640567668,22.576157979497488,4.204699845527717e-08,9.491564436334035e-47,-46.022662199577844,2.9381313917087133e-11,-10.53192878668799
UGC04305,3.45,5.52,33.0,7.318489e+63,63.86442142440537,1e-45,-45.0,18.935556568660683,1.09789325993258e-24,-23.959439881084162,3.4646876339648386e-07,5.514221632148674e-08,1.8702304272838718e-07,5.667364931163248e-07,10.277724236040365,9.729780416693334,3.560910406590977e-08,1.154040457657682e-46,-45.93777896567813,0.11540404576576821,-0.9377789656781298
UGC04325,9.6,5.59,91.5,2.985135e+64,64.47496397648023,1.244261789288302e-35,-34.90508823565639,26.38857617036291,4.3120568756165746e-24,-23.36531551948098,1.360781660579576e-06,2.1657512775003728e-07,7.438617202647387e-07,8.129636287046324e-07,3.7537257262658708,26.64019890965181,5.108001127148347e-08,8.028367407669255e-47,-46.09537276081432,6.452313714673624e-12,-11.190284525157928
UGC04483,3.34,1.21,24.2,2.092234e+61,61.320610255350864,7.248689451990728e-34,-33.13974050587279,31.113568399506185,2.97995751279436e-25,-24.525789927900423,9.40403072057593e-08,1.496697974167698e-08,1.1127340150224908e-08,4.598074442241698e-08,3.072145831425109,32.55053812130134,2.889055377681101e-09,2.3885419199730636e-45,-44.62186713225242,3.2951362253725627e-12,-11.482126626379634
UGC04499,12.5,8.18,74.3,2.704432e+64,64.43207606605317,8.388119755571016e-36,-35.07633537782372,34.09926102955399,1.2467290605005515e-24,-23.904227917262745,3.9343776999652205e-07,6.261756589399867e-08,3.1471780104164466e-07,4.2357712118660117e-07,6.76450952922137,14.783037789808615,2.661413544297079e-08,1.4617992488824275e-46,-45.8351122656059,1.742701930204997e-11,-10.75877688778218
UGC05005,53.7,28.61,99.1,5.390003e+65,65.73158900690902,7.045587798619123e-38,-37.15208276876501,39.309802524038645,5.807528653072762e-25,-24.23600863880871,1.83271666222209e-07,2.9168591607952508e-08,5.127493762429745e-07,5.174060305176332e-07,17.73846462907616,5.637466493919892,3.250957968794506e-08,1.100283486111752e-46,-45.95849540521241,1.5616631536795247e-09,-8.8064126364474
UGC05253,22.9,53.29,218.0,1.165379e+67,67.06646718788637,1e-45,-45.0,17.05998452548942,1.9430588520440213e-24,-23.71151404513831,6.13182740292644e-07,9.75910641362082e-08,3.195417408116643e-06,1.4657878018883685e-06,15.019692785013214,6.657925793247975,9.209816380268057e-08,3.8223278134353314e-47,-46.417672069384366,0.03822327813435331,-1.417672069384364
UGC05414,9.4,4.11,61.4,6.369559e+63,63.80410936475348,6.714731667121037e-36,-35.17297133784517,24.17177388340229,2.3149404670861552e-24,-23.635460173176664,7.305396528411806e-07,1.1626899687431107e-07,2.936145481666857e-07,4.781995898480223e-07,4.112872758031661,24.313905603989074,3.004616636832398e-08,1.4467596689126782e-46,-45.83960360649931,2.154605337390915e-11,-10.666632268654142
UGC05716,21.3,12.37,74.7,2.472321e+64,64.3931048577914,2.5523512712808166e-35,-34.59305955538951,36.436214968667294,3.295730465505564e-25,-24.4820483133979,1.0400534373823839e-07,1.6552964563912345e-08,1.258106215587256e-07,1.6842118013216278e-07,10.174683784398553,9.828315269447089,1.0582214844242518e-08,3.534340392973229e-46,-45.451691625833526,1.3847390179956037e-11,-10.858632070444013
UGC05721,6.18,6.74,79.5,3.624865e+63,63.559291836880305,8.959391819689876e-35,-34.047721470060786,40.64638193211954,2.9872259612769065e-25,-24.52473192502759,9.42696819955921e-08,1.5003485873299533e-08,6.213322459321359e-08,7.815499948831899e-08,5.209122743095656,19.197090360856503,4.910623444676339e-09,8.118727419170792e-46,-45.090512039495835,9.061694791970619e-12,-11.042790569435049
UGC05750,58.7,22.85,78.9,1.779251e+65,65.2502372185874,3.1281709016364436e-38,-37.50470952811534,50.492391716426575,3.763002727175176e-25,-24.42446546693214,1.1875133486310333e-07,1.889986194222382e-08,2.653485136070303e-07,3.3630990317747817e-07,17.794304752360897,5.619775618754214,2.1130974423037196e-08,1.7074543084096916e-46,-45.76765090924002,5.4583152970205976e-09,-8.262941381124673
UGC05764,7.47,3.62,49.9,6.877527e+62,62.83743230403126,2.458014765557062e-34,-33.60941551258842,32.604934852934754,3.658158513077414e-25,-24.436737479870178,1.154427030922918e-07,1.837327684102827e-08,4.086645936031198e-08,8.189671214491378e-08,4.457381927759076,22.434694091891394,5.1457221845523816e-09,8.697575552633157e-46,-45.060601790007894,3.5384553724037608e-12,-11.451186277419472
UGC05829,8.64,6.91,68.6,1.387596e+64,64.14226303923832,7.047044255691679e-36,-35.15199300110918,38.059009382423646,1.0611696606835051e-24,-23.974215175186217,3.348796768398578e-07,5.3297755910079876e-08,2.262865774852684e-07,3.29863815576193e-07,6.189075129780613,16.157503003771865,2.0725954793985327e-08,1.9170481839191096e-46,-45.7173669712392,2.720357804438037e-11,-10.56537397013002
UGC05918,7.66,4.46,44.5,1.392051e+63,63.143655146634345,5.24488522697501e-35,-34.28026401096648,31.065901701368364,3.9591914068305594e-25,-24.402393501804024,1.2494257874019606e-07,1.9885229009150556e-08,5.449256847939682e-08,1.2245521006606027e-07,6.158099059845387,16.238777425985532,7.694087766746596e-09,5.553972865898827e-46,-45.25539624633931,1.058931249312024e-11,-10.975132235372831
UGC05986,8.63,9.41,107.0,4.990058e+64,64.69810559350587,7.241742580068545e-36,-35.140156916973126,38.878599241913776,1.5110980701137193e-24,-23.820707349077843,4.76866284574207e-07,7.58956263838515e-08,4.388116974353053e-07,4.101043901264535e-07,5.40353126611407,18.50641646641468,2.5767618784523775e-08,1.4871714158102584e-46,-45.8276389705164,2.053609886525657e-11,-10.687482053543274
UGC05999,47.7,16.22,100.0,3.519184e+65,65.54644197444973,2.2351237124788428e-36,-35.65069843398172,36.52391129002761,2.0808719334181146e-24,-23.681754647477614,6.56673241260355e-07,1.0451279234276226e-07,1.0415787815748903e-06,1.0415787815748905e-06,9.966041077143053,10.034074636652694,6.544432496661368e-08,5.610041941140139e-47,-46.25103389191003,2.5099469482690848e-11,-10.600335457928319
UGC06399,18.0,7.85,87.6,2.878335e+64,64.45914133865709,1.1690282404558265e-35,-34.93217499737025,43.06676491357441,1.5013719444646588e-24,-23.8235117038806,4.7379695274637915e-07,7.54071270514634e-08,3.6370885491850807e-07,4.151927567562877e-07,5.50601478919797,18.161956302076415,2.608733028898495e-08,1.4985500579631264e-46,-45.824328745188105,1.2818766956209826e-11,-10.892153747817856
UGC06446,12.0,10.22,80.1,2.77486e+64,64.44324107655375,1.7961591418977254e-35,-34.74565518694148,34.78935487740793,6.5591009764333145e-25,-24.183155683144278,2.0698948497389197e-07,3.29433997016405e-08,2.0686696096765217e-07,2.5826087511567064e-07,7.839533182812637,12.755861563190985,1.6227009359461238e-08,2.342699293508462e-46,-45.630283453422294,1.3042826990448584e-11,-10.884628266480817
UGC06614,88.7,64.59,204.0,1.249251e+67,67.09664970575865,1e-45,-45.0,22.241538889925096,1.1697950513945169e-24,-23.931890220172733,3.6915924313887604e-07,5.8753518333614974e-08,2.3316909447249876e-06,1.1429857572181311e-06,19.45391169134782,5.140354371222692,7.181591316068493e-08,4.88589962971995e-47,-46.311055458915284,0.0488589962971995,-1.3110554589152843
UGC06628,15.1,7.69,42.3,5.508687e+64,64.74104809674533,1e-45,-45.0,16.092479133070192,3.0565042572928266e-24,-23.514774994960902,9.645593874994411e-07,1.5351439442622699e-07,7.253494174126356e-07,1.7147740364364906e-06,11.17011888589082,8.952456193309796,1.0774243030870789e-07,3.6374380918043463e-47,-46.439204389515744,0.036374380918043465,-1.4392043895157423
UGC06667,18.0,7.85,85.7,1.063178e+64,64.02660598131179,4.154768070275495e-35,-34.38145321462617,50.592131422542195,5.545656155979228e-25,-24.25604706122591,1.7500759870793007e-07,2.7853324413009866e-08,1.3434407494421238e-07,1.5676088091506695e-07,5.628085128748449,17.768032592328183,9.849576637060775e-09,3.9690203708417926e-46,-45.401316672087674,9.552928836719914e-12,-11.019863457461508
UGC06786,29.3,34.05,211.0,2.626968e+66,66.41945478252795,1.902700383925639e-36,-35.72062959418923,31.746587298046023,1.6790335008945023e-24,-23.774940638520395,5.298626760782834e-07,8.433026405775857e-08,1.7642998591704275e-06,8.36161070696885e-07,9.915314271092413,10.085409021431104,5.2537549538382203e-08,6.771101321126293e-47,-46.16934068747612,3.55867974712666e-11,-10.448711093286896
UGC06787,21.3,37.19,255.0,3.712815e+66,66.56970330999083,1.0927024477932562e-36,-35.961498084047044,31.542334153471135,1.8212967080310365e-24,-23.739619297388032,5.747575299336023e-07,9.147550196822082e-08,2.090271998281867e-06,8.19714509130144e-07,8.96102772319214,11.15943428466233,5.1504181598484474e-08,6.890086618740189e-47,-46.161775318323954,6.305546979102057e-11,-10.200277234276907
UGC06818,18.0,6.98,74.4,1.365199e+64,64.13519596148863,2.3511475215976297e-36,-35.62872012042597,34.77408173142826,1.0129444314982357e-24,-23.994414378682784,3.196609519144872e-07,5.087562061065131e-08,2.1819106678912816e-07,2.9326756288861313e-07,5.764402662190124,17.34785126235544,1.8426544422140992e-08,2.153355362105004e-46,-45.66688429388013,9.158742028410774e-11,-10.038164173454163
UGC06917,18.0,10.47,111.0,1.646672e+65,65.21660710082351,3.0635677680002285e-36,-35.51377250836515,22.265425424520533,3.620120139107789e-24,-23.441277016514956,1.1424230330190797e-06,1.818222728070221e-07,1.169676021450311e-06,1.0537621814867667e-06,5.79556159549926,17.254583244815894,6.620983055979161e-08,5.728813306195316e-47,-46.24193533055372,1.8699809307416922e-11,-10.728162822188573
UGC06923,18.0,5.16,81.1,2.567347e+64,64.40948457143752,5.189612286957409e-36,-35.28486508683837,24.77575932310217,4.7151052804465474e-24,-23.326508605746053,1.4879740639821997e-06,2.3681842747530323e-07,7.508220486056351e-07,9.257978404508448e-07,3.9093150407283748,25.579928698038167,5.8169593885393385e-08,7.146685676158732e-47,-46.14589531851611,1.3771136032878333e-11,-10.861030231677741
UGC06930,18.0,16.61,108.0,4.280086e+65,65.63145249540341,2.0537787998064144e-36,-35.687446333473225,25.089319566402246,2.3566740828115846e-24,-23.627700474252716,7.437097803573487e-07,1.1836508776965981e-07,1.207994842068343e-06,1.1185137426558731e-06,9.44969301110575,10.582354356112416,7.02782911373383e-08,5.216831571566634e-47,-46.28259318450055,2.540113653942851e-11,-10.595146851027325
UGC06973,18.0,7.85,180.0,1.97034e+66,66.29454117407178,1e-45,-45.0,38.147202271347794,1.0277515289417305e-22,-21.988111868465918,3.243337164973155e-05,5.161931419191317e-06,2.4897383563766312e-05,1.3831879757647952e-05,2.6795938640763453,37.31908829193784,8.690826366392835e-07,4.498210948941948e-48,-47.34696018166756,0.0044982109489419475,-2.346960181667562
UGC06983,18.0,15.68,109.0,1.568942e+65,65.1956068890646,7.514211278721756e-36,-35.12411659794804,26.55439314127264,1.0268916954917304e-24,-23.988475358282592,3.2406237369649834e-07,5.1576128643890716e-08,4.968972826946769e-07,4.5586906669236406e-07,8.838760850779028,11.313803109763539,2.8643098218391334e-08,1.2844351433527153e-46,-45.89128782023777,1.7093412677786868e-11,-10.767171222289731
UGC07089,18.0,9.16,79.1,6.148135e+64,64.78874339511778,5.492545939314612e-37,-36.26022630198007,19.53120174638896,2.0184263252326358e-24,-23.69498709818771,6.369669060116143e-07,1.0137643167769913e-07,5.705639093935809e-07,7.213197337466256e-07,7.1152606361198485,14.054298937745282,4.53218555285549e-08,8.47857522119965e-47,-46.071677122455405,1.5436512165536207e-10,-9.81145082047534
UGC07125,19.8,18.68,64.9,1.268012e+65,65.10312336356868,1.4966431957911968e-36,-35.82488172441899,25.577896218383223,4.908498646601333e-25,-24.30905132441548,1.5490043688998624e-07,2.4653170218135485e-08,2.8295766906133085e-07,4.3599024508679633e-07,17.684956588912492,5.654523351371672,2.7394075020029855e-08,1.3297012445361257e-46,-45.876245924765314,8.884557443453864e-11,-10.051364200346327
UGC07151,6.87,5.5,76.2,2.295342e+64,64.36084740344499,3.566042330065126e-36,-35.447813505915406,22.681003012023364,3.481090088121871e-24,-23.458284737339685,1.0985484856491476e-06,1.7483942171717789e-07,5.908454206569252e-07,7.753876911508205e-07,4.434856187096614,22.5486454985742,4.871904548406738e-08,8.440061379410648e-47,-46.07365439500439,2.3667866497974264e-11,-10.625840889088984
UGC07232,2.83,0.82,44.0,1.154848e+62,62.062524826561216,1.7195608982655298e-34,-33.76458243902641,23.11386091419015,5.28492948583012e-24,-23.276960802891875,1.667796907420326e-06,2.65438121889321e-07,1.3373619762482836e-07,3.039459036927917e-07,1.1450725371675405,87.33071203275968,1.9097484362599708e-08,4.688255250476545e-46,-45.32898875132962,2.726425830690526e-12,-11.564406312303205
UGC07261,13.1,6.67,76.1,1.592197e+64,64.20199680129102,1.4003347540879834e-35,-34.853768132554016,18.26963237292421,1.3538645828858697e-24,-23.868424772760577,4.272471696087912e-07,6.799849896526051e-08,2.7867434105581245e-07,3.661949291140768e-07,5.385338421972531,18.56893516515016,2.3008705981732375e-08,1.7352486018518517e-46,-45.76063829685113,1.2391669897402443e-11,-10.906870164297114
UGC07323,8.0,5.82,85.6,5.522649e+64,64.74214744188252,4.77869986281354e-37,-36.32069024548197,13.537291616204856,7.068616426742533e-24,-23.15066558436909,2.2306856974857016e-06,3.550246552392417e-07,1.269560267048378e-06,1.4831311530938994e-06,4.177544097872461,23.93750913387796,9.318787869739907e-08,4.372159688298498e-47,-46.359303984306884,9.149266147307932e-11,-10.038613738824914
UGC07399,8.43,6.13,106.0,9.481595e+63,63.97688140078028,5.328216069485842e-35,-34.2734181719979,32.85553218812218,1.0386181433991024e-24,-23.983544095076905,3.2776295922131516e-07,5.216509512249963e-08,1.964772636994663e-07,1.8535590915043993e-07,3.5532554616294187,28.143205879754827,1.1646255249729585e-08,3.4704601156573757e-46,-45.45961294237225,6.513362203031427e-12,-11.186194770374351
UGC07524,4.74,10.69,79.0,7.042742e+64,64.84774177897467,2.4011140816098466e-36,-35.61958720527549,40.56284338552704,1.4546703640092222e-24,-23.837235408953614,4.590590547925743e-07,7.306151774133142e-08,4.798861522622399e-07,6.074508256484049e-07,8.31423770580618,12.027560858666073,3.816726102548166e-08,9.919299918079356e-47,-46.00351897829381,4.1311239620188644e-11,-10.383931773018324
UGC07559,4.97,2.53,32.1,3.98339e+62,62.60025282876841,2.6671561072141533e-35,-34.57395156454349,27.075811627659657,6.206506191046949e-25,-24.207152807060986,1.958624397745832e-07,3.1172475456163564e-08,4.8457793607094334e-08,1.5095885858907892e-07,4.842697167293163,20.64964967774255,9.485024822755016e-09,5.22484001642297e-46,-45.28192700302522,1.9589554590714673e-11,-10.707975438481727
UGC07577,2.59,1.69,17.8,5.096098e+61,61.70723777106395,1e-45,-45.0,14.96998243217903,2.6639961013167534e-25,-24.574466415079012,8.406932336691358e-08,1.3380048376235278e-08,1.3893645427041316e-08,7.805418779236696e-08,5.833625230458915,17.141999365655735,4.9042892590083625e-09,1.1830578926941366e-45,-44.92699400274111,1.1830578926941366,0.07300599725888983
UGC07603,4.7,4.11,64.0,9.775412e+62,62.9901350704726,1.4622882253474837e-34,-33.83496701702192,38.696114847520604,3.552757235036148e-25,-24.44943446745755,1.1211649172037675e-07,1.7843893859419517e-08,4.5061254280291584e-08,7.04082098129556e-08,3.9457873022366243,25.343484668653108,4.423878294015802e-09,9.82612513683596e-46,-45.00761770937571,6.71969107492538e-12,-11.172650692353788
UGC07608,8.21,4.78,69.3,2.701686e+63,63.43163487229828,5.533322133917267e-35,-34.25701404568856,56.15488314699066,6.241760638607999e-25,-24.20469288984001,1.969749855289358e-07,3.134954261238469e-08,9.207271052095769e-08,1.3286105414279607e-07,4.238053989671579,23.595735269939148,8.34790623286408e-09,5.050120533158142e-46,-45.29669825628515,9.126742327548087e-12,-11.03968421059659
UGC07690,8.11,4.13,55.9,4.908594e+63,63.69095711218716,2.0053260095662316e-35,-34.697815013245176,13.0676453275101,1.7581781759835322e-24,-23.754937115083983,5.548388360641792e-07,8.830534337896788e-08,2.2408297324981796e-07,4.008639950801752e-07,4.539521389547656,22.02875400703081,2.518702764065067e-08,1.72405935763194e-46,-45.76344778593112,8.597401865868524e-12,-11.065632772685946
UGC07866,4.57,2.32,33.1,3.381542e+62,62.52911478589265,5.210188953675811e-35,-34.2831465262109,18.13461386590586,6.832926653591773e-25,-24.165393241081986,2.1563076616338774e-07,3.4318702317595767e-08,4.892047503492336e-08,1.4779599708436061e-07,4.3065730084025695,23.220319220152465,9.286296373404116e-09,5.4972686439218326e-46,-45.2598530391445,1.0550996696662e-11,-10.976706512933605
UGC08286,6.5,8.04,84.3,1.179422e+64,64.07166922450122,4.2712051684393724e-35,-34.36944956662492,41.760336255545525,5.726074655242576e-25,-24.242142994046077,1.807011735402831e-07,2.875948499144246e-08,1.4207215774407182e-07,1.6853162247220858e-07,5.860036176668534,17.064741067324025,1.058915414112518e-08,3.681371347510444e-46,-45.43399037216476,8.61904591873201e-12,-11.064540805539833
UGC08490,4.65,10.15,77.6,8.255931e+63,63.916766054626585,5.98406685012213e-35,-34.223003563459606,30.19215207694917,1.9921583477171787e-25,-24.70067614442305,6.286773627391964e-08,1.0005710988991966e-08,6.240017670971042e-08,8.041259885271961e-08,8.036670151795066,12.442964326172332,5.05247259623534e-09,7.528880751964426e-46,-45.123269581485175,1.2581545194152982e-11,-10.90026601802557
UGC08550,6.7,5.36,57.5,2.365045e+63,63.373839408526585,7.0757141561107e-35,-34.15022971998663,29.676817852881925,3.875261084361881e-25,-24.41169903285367,1.222939391958585e-07,1.9463684933200567e-08,6.41005385859865e-08,1.114791975408461e-07,5.727548402239507,17.4594770706607,7.004444560448147e-09,5.896023482280953e-46,-45.22944079546706,8.33276097959533e-12,-11.07921107548043
UGC08699,39.3,25.7,183.0,2.125888e+66,66.32754038047737,1e-45,-45.0,17.326250374380813,3.160071711555712e-24,-23.500303061818446,9.972427904459054e-07,1.58716119562221e-07,2.506259194578258e-06,1.369540543485387e-06,8.628868619412598,11.58900481750612,8.605077020414127e-08,4.17300426159485e-47,-46.37955117177375,0.0417300426159485,-1.3795511717737494
UGC08837,7.21,4.2,48.0,4.939029e+63,63.693641576172276,1e-45,-45.0,22.134213732976114,1.6820915636905067e-24,-23.77415036732336,5.308277273031953e-07,8.448385673054019e-08,2.1801925175305395e-07,4.542067744855291e-07,5.3762552049939405,18.60030749788648,2.8538653318689076e-08,1.5161107021150483e-46,-45.81926908659155,0.15161107021150483,-0.8192690865915491
UGC09037,83.6,27.96,152.0,4.228689e+66,66.62620574602407,1e-45,-45.0,23.288962173403906,4.881464918231177e-24,-23.311449827498805,1.5404731730357218e-06,2.4517392018909174e-07,4.211950526250131e-06,2.7710200830592965e-06,11.30226282192711,8.84778575543241,1.7410832671777726e-07,2.056094965829771e-47,-46.68695683024905,0.02056094965829771,-1.6869568302490545
UGC09133,57.1,108.31,229.0,2.779565e+67,67.44397683444986,1.0264848037716876e-37,-36.98864747560362,24.676554419763107,5.519847693871627e-25,-24.258072905354798,1.7419314558412326e-07,2.772370017243938e-08,1.844979615689906e-06,8.056679544497406e-07,29.060621397524322,3.441082646929188,5.062161053864042e-08,6.888613284030957e-47,-46.161868195176076,6.7108770229424e-10,-9.173220719572452
UGC09992,10.7,3.89,34.3,1.561676e+63,63.193590936066386,1.8831208285380624e-35,-34.72512181302434,4.812638344611372,6.694190386702917e-25,-24.174301940212676,2.1125258254741596e-07,3.362189275334991e-08,8.036067626479064e-08,2.3428768590317967e-07,6.968307454369488,14.35068711517527,1.4720729457199642e-08,2.9892880142231928e-46,-45.524432239205666,1.587411688576505e-11,-10.799310426181329
UGC10310,15.2,7.74,73.2,4.623025e+64,64.66492624198506,4.379608112747555e-36,-35.35856474841954,25.454885650880648,2.5157025364098114e-24,-23.599340712365557,7.938953436300627e-07,1.2635236823636333e-07,6.008916513177165e-07,8.208902340405963e-07,6.496832987767853,15.392114925576601,5.1578054573310867e-08,7.592325146963691e-47,-46.11962520119873,1.7335626730768457e-11,-10.761060452779192
UGC11455,78.6,41.93,266.0,5.361745e+67,67.72930615546441,1e-45,-45.0,21.06877625775837,1.8352173060074844e-23,-22.736312504048236,5.7915053656061785e-06,9.217467068794579e-07,2.3746974182379835e-05,8.927433903150314e-06,9.685343963282318,10.324878535972044,5.609272153109095e-07,6.307497412541793e-48,-47.2001429189664,0.006307497412541794,-2.200142918966401
UGC11557,24.2,10.56,84.5,3.093341e+65,65.49042779787428,1e-45,-45.0,80.01143784647992,6.628144547100076e-24,-23.178608029021046,2.0916833435956535e-06,3.3290174351623163e-07,2.159990350040248e-06,2.556201597680767e-06,7.678546740792698,13.023297685842628,1.6061088320736778e-07,2.3597973079212555e-47,-46.62712529865352,0.023597973079212554,-1.6271252986535163
UGC11820,18.1,15.82,84.45,1.138749e+65,65.05642800860264,5.0190393982418526e-36,-35.29937939519822,156.35475603302936,7.2571232485323145e-25,-24.139235501184274,2.2901739262788338e-07,3.644925009074503e-08,3.542965306974368e-07,4.195340801627434e-07,11.510088112053337,8.688030797547087,2.636010368339652e-08,1.394914184361867e-46,-45.855452509526216,2.7792453369672676e-11,-10.556073114327994
UGC11914,16.9,9.83,305.0,4.89711e+66,66.68993985934934,1e-45,-45.0,6.823326014393742,1.3008739994887168e-22,-21.885764766449014,4.105246132626513e-05,6.533702146163962e-06,3.9462507106610036e-05,1.2938526920200012e-05,1.9802749851087753,50.49803726854988,8.129516224154826e-07,4.6934928366643586e-48,-47.3285038406296,0.004693492836664359,-2.3285038406295975
UGC12506,100.6,49.99,225.0,2.567288e+67,67.40947459083542,3.508844259823009e-37,-36.45483590753281,29.716318617940207,5.185386208675184e-24,-23.28521889172429,1.6363834381888798e-06,2.6043851298147123e-07,7.99945070980181e-06,3.5553114265785826e-06,13.651250676705883,7.325336144521705,2.2338680517926247e-07,1.5778081862162275e-47,-46.80194579499938,4.4966606363310475e-11,-10.347109887466566
UGC12632,9.77,10.66,73.1,3.684909e+64,64.56642676728711,1.1124724386288378e-35,-34.95371073980742,42.18721689481544,7.675577850106642e-25,-24.114888919086493,2.4222281556252533e-07,3.855095842641238e-08,2.525016423962742e-07,3.4541948344223554e-07,8.96007511983356,11.160620716074707,2.1703346231778165e-08,1.7448356868071487e-46,-45.758245464792424,1.5684304853050755e-11,-10.804534724985
UGC12732,13.2,15.4,98.0,1.315176e+65,65.11898387504188,4.322584743558292e-36,-35.36425648369916,38.20416871240521,9.086102677072739e-25,-24.04162235976945,2.8673559384199065e-07,4.563538712034284e-08,4.318115780662757e-07,4.4062405925130164e-07,9.6553154701932,10.356989402232243,2.7685226150776065e-08,1.3303685991428465e-46,-45.876028014374775,3.077715482907353e-11,-10.511771530675615
UGCA281,5.68,1.08,29.5,3.398677e+61,61.53130989250798,4.089387525346853e-34,-33.38834173215901,21.205300831836592,6.8076082158286135e-25,-24.16700544625481,2.1483177703183305e-07,3.419153924783214e-08,2.2688941270370872e-08,7.69116653232911e-08,2.2494355918231306,44.455596045295806,4.832502455100162e-09,1.530248046349668e-45,-44.815238166287266,3.741998127751112e-12,-11.426896434128249
UGCA442,4.35,6.33,56.5,2.213415e+63,63.34506284877262,6.487231120030173e-35,-34.18794062922166,58.7046140029468,2.2019509798581164e-25,-24.657192353581383,6.948828824197049e-08,1.1059404560704034e-08,4.301374718192079e-08,7.61305259857005e-08,6.883781632892369,14.526898924593409,4.783422023012071e-09,8.409352215228986e-46,-45.07523745725641,1.2962929884313839e-11,-10.887296828034751
UGCA444,0.98,2.62,38.3,1.000159e+62,62.000069047333504,2.4920302965882685e-34,-33.603446682092674,33.39933940315413,1.4032049274271654e-25,-24.85287889892767,4.4281779817775514e-08,7.047664146905901e-09,1.1345360863825409e-08,2.9622352124870522e-08,4.2031446884249535,23.79171011537865,1.8612272763508645e-09,2.6325368008574365e-45,-44.57962554899429,1.056382341924787e-11,-10.976178866901614
